time,vx,vy,vz,wx,wy,wz,x,y,z,phi,theta,psi,vxdot,vydot,vzdot,wxdot,wydot,wzdot,xdot,ydot,zdot,phidot,thetadot,psidot,fx,fy,fz,tauz,x_error,y_error,z_error,psi_error,solve_time,metadata
0.0,-0.0046743262118347645,-0.08222179462590316,0.05056705725496533,0.21670659625950953,0.054347216988271586,-0.04858719464164304,-3.1111362695693967,0.23643399924039837,-1.098838448524475,-0.005660817209598079,0.1757257246814641,0.301975306564889,-0.8302860766358955,-14.604802527701018,8.982069644379372,0.21670659625950953,0.054347216988271586,-0.04858719464164304,0.028491508914585684,-0.07694222991572498,0.05106297378562657,0.2080251067910641,0.054071304457705895,-0.049658813630089726,0.0,0.0,0.0,0.0,-3.1111362695693967,0.23643399924039837,-1.098838448524475,0.301975306564889,0.0,0.05
0.05,0.024160719838716548,-0.059795564058977416,0.02134816569156378,0.19896319728371029,0.1651745558989223,-0.02097373436853072,-3.104985648472309,0.2298238717766106,-1.0971778865694999,0.010569628528360946,0.19554769211251755,0.300823313042627,1.2070499393009448,5.179241243690874,-4.124422257749007,0.19896319728371029,0.1651745558989223,-0.02097373436853072,0.04426387756503315,-0.04910745624130745,0.015625649652622867,0.046632318789351444,0.02338207228130479,-0.014782123243491818,0.0,0.0,0.0,0.01,-3.104985648472309,0.2298238717766106,-1.0971778865694999,0.300823313042627,0.0,84.0
0.1,0.011988522996391669,-0.03676809675046841,0.012694422404577885,0.14767113903373053,0.12036862422054183,-0.018778289526412653,-3.1028008040389796,0.22908057281054955,-1.0990357842815994,0.010437669596038604,0.20409605375265588,0.3018033265948533,0.4264975806090611,0.11101048658916392,0.041206420354240686,0.14767113903373053,0.12036862422054183,-0.018778289526412653,0.024559155352106652,-0.030999690231390733,0.009624607858067557,0.3163205827490064,0.1572272928631135,-0.04622802391813522,0.0,0.0,0.0,0.01,-3.1028008040389796,0.22908057281054955,-1.0990357842815994,0.3018033265948533,0.0,0.0
0.15000000000000002,-0.008816180919745089,-0.03845701189479923,-0.0004045697796492977,0.1454748411331843,0.040284385738859806,-0.022570766681424593,-3.1082473803523323,0.22809468815854278,-1.1026179034274477,0.008759005898681425,0.1889068795139481,0.2995611814731762,-0.5636784817751995,-0.0010646927735121165,-0.7722956280703024,0.1454748411331843,0.040284385738859806,-0.022570766681424593,0.0029404896304458692,-0.03933603997649721,0.0009273436761338525,0.16340148355952955,0.09686822303419704,-0.026817815404084483,0.0,0.0,0.0,0.01,-3.1082473803523323,0.22809468815854278,-1.1026179034274477,0.2995611814731762,0.0,0.0
0.2,-0.005455820329896317,-0.03206973336050601,-0.0024385645058489216,0.10413394471871594,0.03049461707438775,-0.002109592259053006,-3.11125823185569,0.22839097478828888,-1.1043263349606562,0.006057751688418213,0.18122056321735538,0.3013434156231652,-0.21917646626576928,-0.1280870288145358,-0.8533901167692376,0.10413394471871594,0.03049461707438775,-0.002109592259053006,0.003936061707227214,-0.03234358295816663,-0.0016063716258515165,0.1445108988410416,0.08754672747248818,-0.024410979807467887,0.0,0.0,0.0,0.01,-3.11125823185569,0.22839097478828888,-1.1043263349606562,0.3013434156231652,0.0,0.0
0.25,-0.008591217131209248,-0.04233691511338436,0.005866982093659552,0.09870198097431132,0.02174194214556691,0.005424519898393174,-3.1125970193858095,0.22995707320368475,-1.1059211598001943,-4.818162636673713e-05,0.1800806169712896,0.3069818903928838,-0.38273933431648577,-3.1559276396646783,0.9262796237456996,0.09870198097431132,0.02174194214556691,0.005424519898393174,0.005738315773811834,-0.04259387757781582,0.00731287884262276,0.14045918513216002,0.12554554465461568,-0.01677252486783666,0.0,0.0,0.0,0.01,-3.1125970193858095,0.22995707320368475,-1.1059211598001943,0.3069818903928838,0.0,0.0
0.30000000000000004,0.002974821561320551,-0.016951897581553157,-0.004889329565049251,-0.01819261977248154,0.04471330055184138,0.06608366392138236,-3.1134883228108627,0.23462993035457455,-1.1076567411522262,-0.014039521604615295,0.18256007985334863,0.3179263011417944,1.2518537376460352,-1.022452757864734,0.44823876105857247,-0.01819261977248154,0.04471330055184138,0.06608366392138236,0.007296799093828054,-0.015515453900867128,-0.005113643687939859,0.13427122560053595,0.042512388244699995,-0.020163839408984502,0.0,0.0,0.0,0.01,-3.1134883228108627,0.23462993035457455,-1.1076567411522262,0.3179263011417944,0.0,0.0
0.35000000000000003,0.009491293707878514,0.001794357409812892,-0.010102983711457115,-0.07996750736176345,0.07543031361800487,0.1571493390200498,-3.1159959176214174,0.23568852087409203,-1.1081698226953358,-0.01678191154384752,0.17814299967545172,0.3258545822774981,6.2478898373403275,3.028877175837969,-0.7926538912297211,-0.07996750736176345,0.07543031361800487,0.1571493390200498,0.006628604715794367,0.003954605632256042,-0.011653211937161786,0.10770475970997341,0.03141085615779176,-0.01243072501445848,0.0,0.0,0.0,0.01,-3.1159959176214174,0.23568852087409203,-1.1081698226953358,0.3258545822774981,0.0,0.0
0.4,-0.010096770681341996,-0.008040304890377018,-0.00149434630567682,-0.0524066261995354,0.016926611643933612,0.14021229387575704,-3.118513653932397,0.2360056494628145,-1.107849895408541,-0.015953475700927134,0.17562325309584076,0.340240219752058,0.02343681061435771,-1.6500986582509223,1.1971711674143175,-0.0524066261995354,0.016926611643933612,0.14021229387575704,-0.006905759084866382,-0.010998139666895787,0.0004192459091711983,0.108189976596822,0.02499256569276588,-0.0007595087210877536,0.0,0.0,0.0,0.01,-3.118513653932397,0.2360056494628145,-1.107849895408541,0.340240219752058,0.0,0.0
0.45,-0.015612751785582612,0.0023418840137760404,-0.007457237211798341,-0.0774780575752083,-0.0026834435419035097,0.18551983193748803,-3.120052905152169,0.23582640110358993,-1.1072568146340702,-0.01320003648204778,0.17584437284157606,0.3552177055797349,0.3567278118269678,2.0827066124491025,-1.778967090834965,-0.0774780575752083,-0.0026834435419035097,0.18551983193748803,-0.01642060441206287,-0.003698652600232282,-0.004640748384749937,-0.029932637594781215,0.005289929387676763,0.025709542133185468,0.0,0.0,0.0,0.01,-3.120052905152169,0.23582640110358993,-1.1072568146340702,0.3552177055797349,0.0,0.0
0.5,-0.01204988589185132,0.0018977044270869169,-0.004804821728852797,-0.08015517708287889,0.0029162404737872395,0.1684979717722368,-3.1216171274724536,0.23646037502786998,-1.1066745929236947,-0.014256318423353025,0.17258847326359772,0.361188767151544,-0.010490963838735158,0.5461596458502465,-0.3618946765683326,-0.08015517708287889,0.0029162404737872395,0.1684979717722368,-0.012527450486234482,-0.0027772105108636704,-0.0026902472077061194,0.09870198097431132,0.02174194214556691,0.005424519898393174,0.0,0.0,0.0,0.01,-3.1216171274724536,0.23646037502786998,-1.1066745929236947,0.361188767151544,0.0,0.0
0.55,-0.02054810982724716,0.0017209137190974345,0.00430887069097336,-0.11271787280016872,-0.01693993711976738,0.2838789647151369,-3.1243627140536945,0.23622576439250104,-1.1043104255241083,-0.00992294168189428,0.17042065637088302,0.3861017700690831,0.17328653382543513,0.302083884763456,-0.3829485916882314,-0.11271787280016872,-0.01693993711976738,0.2838789647151369,-0.018749557578321755,-0.00571806445593305,0.007714308629275267,-0.028075076289304148,0.011948948113365243,0.04014266573083451,0.0,0.0,0.0,0.01,-3.1243627140536945,0.23622576439250104,-1.1043104255241083,0.3861017700690831,0.0,0.0
0.6000000000000001,-0.018398671464253516,-0.038246278733571164,0.024767272955920055,-0.02960887811408267,0.048624719321142325,0.2911046864858743,-3.1220100666959687,0.23110611109122087,-1.1008179602969816,0.006679628796595141,0.17951164358497854,0.3974239134146524,0.6532618825869347,-4.775206511552746,1.8356336630769055,-0.02960887811408267,0.048624719321142325,0.2911046864858743,0.0022099765372628737,-0.040729948495481436,0.02740244619643985,-0.019594139542891575,0.04817675327898363,0.049457943557221565,0.0,0.0,0.0,0.01,-3.1220100666959687,0.23110611109122087,-1.1008179602969816,0.3974239134146524,0.0,0.0
0.65,-0.055256298583031015,0.08657212919995315,-0.01829178235205601,-0.3176809474085561,-0.16777815215124656,0.39354331688925065,-3.131229797343574,0.23945759608578973,-1.1026402318502853,-0.015308447801621517,0.16056680042896548,0.4289625621520916,-2.527010808060459,6.970401046066808,-2.3692351060919306,-0.3176809474085561,-0.16777815215124656,0.39354331688925065,-0.08834248771883249,0.05447330476809622,-0.010528310415991764,-0.01819261977248154,0.04471330055184138,0.06608366392138236,0.0,0.0,0.0,0.01,-3.131229797343574,0.23945759608578973,-1.1026402318502853,0.4289625621520916,0.0,0.0
0.7000000000000001,-0.0316717636025185,0.02728414034696113,0.0026168821532038746,-0.22958304213454045,-0.08239763319553936,0.34834768797033877,-3.1349056553250696,0.242267159260123,-1.1028514457108858,-0.02287306039042515,0.1530203802572658,0.4422086045874314,0.5231380568790892,-0.9184767325748301,0.31740309459519334,-0.22958304213454045,-0.08239763319553936,0.34834768797033877,-0.03971473197775668,0.011442094051881159,0.006796436125875211,-0.03835254092912472,0.022136752811629887,0.06876732473361453,0.0,0.0,0.0,0.01,-3.1349056553250696,0.242267159260123,-1.1028514457108858,0.4422086045874314,0.0,0.0
0.75,-0.032894144569857925,0.02416691296397028,0.010047418761873818,-0.2652526857160162,-0.0931059794810646,0.4066533604310595,-3.1383681984832275,0.242969949943183,-1.0996539851580196,-0.02364205248226943,0.15076255065504116,0.4836380340509624,-0.007632674464409392,0.009366232731119205,0.16560870841047243,-0.2652526857160162,-0.0931059794810646,0.4066533604310595,-0.03887651805841678,0.007138727168378542,0.014306291309641735,-0.04092527150718693,0.0037658489093149103,0.06918795064818255,0.0,0.0,0.0,0.01,-3.1383681984832275,0.242969949943183,-1.0996539851580196,0.4836380340509624,0.0,0.0
0.8,-0.033773920505447065,0.026835220935189384,0.010173357545969212,-0.2790501496616536,-0.09086833105165158,0.42110815462645124,-3.140427913376335,0.2431830241802967,-1.0977012166812976,-0.02477226027392018,0.14955854631343415,0.5083571354441153,0.20948357867646505,-0.10631326751988276,-0.27695613433992017,-0.2790501496616536,-0.09086833105165158,0.42110815462645124,-0.04111696710520238,0.008088408491958524,0.014431793265001129,-0.04997411612600896,0.02178481575691779,0.09783215382859557,0.0,0.0,0.0,0.01,-3.140427913376335,0.2431830241802967,-1.0977012166812976,0.5083571354441153,0.0,0.0
0.8500000000000001,-0.031406486448084324,0.02652312616836281,0.015344075156960787,-0.31344591126202154,-0.08522691362772465,0.45589265312192495,-3.142980821788752,0.24341410576443795,-1.0946372427970297,-0.026901613353382703,0.14922588181433544,0.5465387439303374,0.5955697486198483,-0.07986237961805089,-0.19979894164258014,-0.31344591126202154,-0.08522691362772465,0.45589265312192495,-0.03867012928411761,0.007992365496082926,0.01913184387626321,-0.039390427027022584,0.05651951077472394,0.14826035109279143,0.0,0.0,0.0,0.01,-3.142980821788752,0.24341410576443795,-1.0946372427970297,0.5465387439303374,0.0,0.0
0.9,-0.03316098726355788,0.029473024298286663,0.014069034870129497,-0.3408859458034273,-0.09842823555834473,0.45970315039858994,-3.1451027002058742,0.24409117821193538,-1.09361953613337,-0.031014131137888493,0.1473205022650691,0.5668584851299759,0.10748373005676017,-0.09656322156078506,-0.05531369517880027,-0.3408859458034273,-0.09842823555834473,0.45970315039858994,-0.04209639401112744,0.008641625296525977,0.017873553179279147,-0.027576837708166563,0.019161236203809877,0.14211039004701287,0.0,0.0,0.0,0.01,-3.1451027002058742,0.24409117821193538,-1.09361953613337,0.5668584851299759,0.0,0.0
0.9500000000000001,-0.03550503663945479,0.035281236621017883,0.022316528176346478,-0.4093486760831083,-0.1038527972645515,0.5788902596875922,-3.148225445335069,0.2445799470160308,-1.0900825522514692,-0.03764949950520074,0.1476852751229954,0.6157624009876561,0.04979630449649753,-0.010266649850708475,-0.36690450785228895,-0.4093486760831083,-0.1038527972645515,0.5788902596875922,-0.04699764458084465,0.010965241736090845,0.02596893512727549,-0.05928932648642509,0.012826209058996714,0.15922625882022695,0.0,0.0,0.0,0.01,-3.148225445335069,0.2445799470160308,-1.0900825522514692,0.6157624009876561,0.0,0.0
1.0,-0.029613067100940204,0.03860181234499508,0.023459846275265615,-0.4728820959327658,-0.11246445374147457,0.6042353935692882,-3.151425148810195,0.24539597870447433,-1.0879341994966147,-0.045971274428765724,0.14652297763219074,0.6546938660327533,1.2352840426634661,0.09707304776709211,0.1292512981545946,-0.4728820959327658,-0.11246445374147457,0.6042353935692882,-0.04486670780359708,0.01553015550433067,0.02575249206543018,-0.025680644006200695,0.02863078441567236,0.21129228090129526,0.0,0.0,0.0,0.01,-3.151425148810195,0.24539597870447433,-1.0879341994966147,0.6546938660327533,0.0,0.0
1.05,-0.04428489628293604,0.043500772196494446,0.026603283905084193,-0.518666843135531,-0.15149320766011143,0.6614292417266574,-3.155031552198141,0.24545153307389156,-1.0853522418697323,-0.0531781790199805,0.14539705615246748,0.6950694696120925,-1.1379541495319858,0.7457625211955781,0.028509692967652576,-0.518666843135531,-0.15149320766011143,0.6614292417266574,-0.05967938449281792,0.008635746432257225,0.030413794323174783,-0.0507923779886253,0.005318023496499245,0.17097942433696123,0.0,0.0,0.0,0.01,-3.155031552198141,0.24545153307389156,-1.0853522418697323,0.6950694696120925,0.0,0.0
1.1,-0.03960033933850707,0.04264578605628626,0.030899844747782863,-0.5728702132483947,-0.16488119435908008,0.6877169462465119,-3.1578676032821202,0.24608755052582176,-1.0827956297686683,-0.06312034713511802,0.14599327305863496,0.7370981877295467,-0.5656242738386734,0.3380796263658241,0.3297022036802975,-0.5728702132483947,-0.16488119435908008,0.6877169462465119,-0.05589414069782726,0.009374604801323305,0.03360970350941867,-0.09355812247734314,-0.024618024349093718,0.27467036695153163,0.0,0.0,0.0,0.01,-3.1578676032821202,0.24608755052582176,-1.0827956297686683,0.7370981877295467,0.0,0.0
1.1500000000000001,-0.07240157015676207,0.045831031979737855,0.042607217686394014,-0.5727164195898781,-0.23538780453200578,0.7697969059468024,-3.1635789707973774,0.24317381715891773,-1.0790289008219438,-0.06518637731059515,0.13890482202765164,0.7777006170637315,-3.7936815433285718,1.3166046721570106,1.6606248140632471,-0.5727164195898781,-0.23538780453200578,0.7697969059468024,-0.08122741962018731,-0.011906194681341534,0.04917514293343806,-0.10128316991169006,-0.01325272670545082,0.31056565475418585,0.0,0.0,0.0,0.01,-3.1635789707973774,0.24317381715891773,-1.0790289008219438,0.7777006170637315,0.0,0.0
1.2000000000000002,-0.04780900211319547,0.045251399707989956,0.038122250619319446,-0.6360971884684872,-0.24333990391814614,0.747281806784873,-3.167990901512643,0.24244468027885185,-1.0759515225289327,-0.07738104114251146,0.1377278199031402,0.8324581916007326,-0.15346540318440685,0.18176247858664837,0.26224378290862715,-0.6360971884684872,-0.24333990391814614,0.747281806784873,-0.06423146866900246,0.0008292787781578714,0.04074710517576746,-0.17243352944137527,-0.04989696672029474,0.31755806843428674,0.0,0.0,0.0,0.01,-3.167990901512643,0.24244468027885185,-1.0759515225289327,0.8324581916007326,0.0,0.0
1.25,-0.04772371458024136,0.04593616995263243,0.03851369172249091,-0.6573144657442823,-0.26775071766941216,0.7265791421126648,-3.171147602813826,0.24186107035306825,-1.0738403906286877,-0.08538274239914624,0.1364206340450892,0.8703082500787229,0.30550139188013464,0.006639280660905059,-0.10931248755835898,-0.6573144657442823,-0.26775071766941216,0.7265791421126648,-0.06495850741573836,-0.0009453069237205298,0.04062619601301566,-0.13289500068196888,-0.01008193887207922,0.28134462520627285,0.0,0.0,0.0,0.01,-3.171147602813826,0.24186107035306825,-1.0738403906286877,0.8703082500787229,0.0,0.0
1.3,-0.05174577241844267,0.05022856717328782,0.04360916434537614,-0.6982857338225898,-0.3160526890031075,0.7785272125793206,-3.175302726121527,0.24105102185734567,-1.070939614659842,-0.09525262492049111,0.1342112818507598,0.9196522267912606,-0.4969655242265493,0.4328292159948039,0.29255663819993527,-0.6982857338225898,-0.3160526890031075,0.7785272125793206,-0.07101683456217728,-0.00385690541519922,0.045210912706461964,-0.2535337485044981,-0.16173419122973218,0.4012265757922588,0.0,0.0,0.0,0.01,-3.175302726121527,0.24105102185734567,-1.070939614659842,0.9196522267912606,0.0,0.0
1.35,-0.04831096812963259,0.050030944340085134,0.044668639359836365,-0.7186971413401553,-0.35774402812207656,0.7629702106197745,-3.179310361978693,0.24055800678566414,-1.0680122516136523,-0.10620391186449082,0.13171092322800138,0.9719913676095548,0.22464157446144875,-0.0783930163267034,-0.12406000197989106,-0.7186971413401553,-0.35774402812207656,0.7629702106197745,-0.06910394053773387,-0.004606370957328937,0.0451193874537655,-0.22958304213454045,-0.08239763319553936,0.34834768797033877,0.0,0.0,0.0,0.01,-3.179310361978693,0.24055800678566414,-1.0680122516136523,0.9719913676095548,0.0,0.0
1.4000000000000001,-0.0454961099139177,0.049936459559279354,0.04458384802901317,-0.7219351581102067,-0.3805704523656706,0.7336946635344707,-3.181789813887881,0.2400997418487107,-1.066100216530034,-0.11240290372509734,0.12995022206682985,1.00430465593715,0.06825667478148827,-0.05949769106581639,-0.09019781387429278,-0.7219351581102067,-0.3805704523656706,0.7336946635344707,-0.06760883712420095,-0.004519405339531846,0.04427059558871152,-0.1825349898068913,-0.08116963555281033,0.4450597417203235,0.0,0.0,0.0,0.01,-3.181789813887881,0.2400997418487107,-1.066100216530034,1.00430465593715,0.0,0.0
1.4500000000000002,-0.04839144227717425,0.05427817309908066,0.051192455951739615,-0.7370563215615668,-0.44506560918664895,0.7835856980048781,-3.1881987598711845,0.2380308898757323,-1.0611065458323958,-0.1241799944533169,0.123359703369356,1.0809388557978075,1.044428451240811,-0.43452859107804553,-0.6625601194949216,-0.7370563215615668,-0.44506560918664895,0.7835856980048781,-0.0731648035661201,-0.00926600513822369,0.04969478820680417,-0.2031587248135504,-0.08346673557119397,0.41343033633085874,0.0,0.0,0.0,0.01,-3.1881987598711845,0.2380308898757323,-1.0611065458323958,1.0809388557978075,0.0,0.0
1.5,-0.06515425505859314,0.06002484319549943,0.06491143369837502,-0.7343258626122233,-0.5385797220831465,0.8611476881736406,-3.1944294978860643,0.23432351160389214,-1.0556280743083843,-0.1297234253805139,0.11446908488099844,1.1480819396376247,-1.8615883126020023,0.5056464704823023,1.231805040764741,-0.7343258626122233,-0.5385797220831465,0.8611476881736406,-0.08584088165042512,-0.025272260995330375,0.06367266948483194,-0.2814310088939902,-0.09229624931687838,0.4635952506224851,0.0,0.0,0.0,0.01,-3.1944294978860643,0.23432351160389214,-1.0556280743083843,1.1480819396376247,0.0,0.0
1.55,-0.0540763853387371,0.056495302585094546,0.05869409047023854,-0.7065216107657013,-0.5329617186378133,0.7447886599120989,-3.1974883551271285,0.23210009858758035,-1.0528408157616986,-0.13122898887636453,0.10978064626083617,1.1777888540964216,-0.1419677200736072,-0.009010330733893549,0.060782308845097624,-0.7065216107657013,-0.5329617186378133,0.7447886599120989,-0.07728773976209329,-0.02012075541209607,0.05641570176579449,-0.2790501496616536,-0.09086833105165158,0.42110815462645124,0.0,0.0,0.0,0.01,-3.1974883551271285,0.23210009858758035,-1.0528408157616986,1.1777888540964216,0.0,0.0
1.6,-0.034812701562141994,0.06093021859784216,0.06428320972430618,-0.747261805484867,-0.6265482474989564,0.9003967701001188,-3.202169527126,0.23033213556109447,-1.0478998570570448,-0.13886490311307936,0.09981565584234428,1.2551229093709226,1.6483010886440863,0.06704457616004908,-1.0194778245795229,-0.747261805484867,-0.6265482474989564,0.9003967701001188,-0.07486567909904918,-0.00619948556337065,0.05842468016756683,-0.30318386377097695,-0.08993715450622905,0.48533107309965473,0.0,0.0,0.0,0.01,-3.202169527126,0.23033213556109447,-1.0478998570570448,1.2551229093709226,0.0,0.0
1.6500000000000001,-0.056689364781479706,0.060841180198484515,0.07389570196562856,-0.6891706028603449,-0.6573965066399533,0.8631182457547861,-3.2043344331380874,0.2281930812326563,-1.042970676785896,-0.1408828951201157,0.09782669418652087,1.317149989916057,-1.932302569328225,1.3938593252656175,-0.48953082547921994,-0.6891706028603449,-0.6573965066399533,0.8631182457547861,-0.0809287951778744,-0.030783871392909896,0.0698483459316509,-0.24458555213564717,-0.07293330759285756,0.46316759351193204,0.0,0.0,0.0,0.01,-3.2043344331380874,0.2281930812326563,-1.042970676785896,1.317149989916057,0.0,0.0
1.7000000000000002,-0.03969817070518952,0.05290002297897113,0.08344727171099929,-0.733195303417484,-0.6766380215509974,0.8593580174148744,-3.204806516267383,0.22806888344606904,-1.0345500872624949,-0.15411357538516146,0.1029788230711103,1.394330853815056,1.1407308155222027,-0.13687317295794652,-0.894223226055657,-0.733195303417484,-0.6766380215509974,0.8593580174148744,-0.06966247735022378,-0.01992628861092145,0.07802491022838287,-0.2722478887729264,-0.08412589318233865,0.4675993167346522,0.0,0.0,0.0,0.01,-3.204806516267383,0.22806888344606904,-1.0345500872624949,1.394330853815056,0.0,0.0
1.75,-0.029192279234287202,0.0462102887141001,0.081121960751278,-0.7368165321771296,-0.6805852815513487,0.7875170950485006,-3.2073409503319192,0.22730033659054305,-1.032305855958115,-0.16024305053846524,0.09841787889993653,1.4350275493370326,0.9457114766393703,-0.8584130189266553,0.11564925703363517,-0.7368165321771296,-0.6805852815513487,0.7875170950485006,-0.06098813494570844,-0.01377857860172878,0.07522599705969346,-0.3647279837762414,-0.10445691494341178,0.5582970880391953,0.0,0.0,0.0,0.01,-3.2073409503319192,0.22730033659054305,-1.032305855958115,1.4350275493370326,0.0,0.0
1.8,-0.04100797092759078,0.055277758117055514,0.09243233330739925,-0.7192848537984968,-0.7441090300216546,0.8787826253815586,-3.2103023548032485,0.2247665921417893,-1.0292685275741027,-0.16054258617985254,0.0929529385948043,1.4735279411453215,0.828501203039853,-0.5251829822819548,0.641605754898541,-0.7192848537984968,-0.7441090300216546,0.8787826253815586,-0.07223728506955775,-0.026290902189683992,0.08585792666101305,-0.3624275441401226,-0.10118944661201977,0.4993880887466153,0.0,0.0,0.0,0.01,-3.2103023548032485,0.2247665921417893,-1.0292685275741027,1.4735279411453215,0.0,0.0
1.85,-0.042716631608746225,0.071491923433143,0.09047840303345901,-0.6536109491115302,-0.8426107318252196,0.8562521081272073,-3.2188655695627553,0.21627205934916438,-1.0218698334261263,-0.15801319941894015,0.07470598612761536,1.5858885986017521,1.1662811408476375,-0.6787140229202185,0.2904374672200118,-0.6536109491115302,-0.8426107318252196,0.8562521081272073,-0.08427407221359232,-0.03804443476892243,0.08107187479825662,-0.323628571688608,-0.09504278247580976,0.5775195970097754,0.0,0.0,0.0,0.01,-3.2188655695627553,0.21627205934916438,-1.0218698334261263,1.5858885986017521,0.0,0.0
1.9000000000000001,-0.05570548339576527,0.09050581323334003,0.09394876280782899,-0.5471370752153455,-0.9035598670890536,0.9200574769618152,-3.2311984443055204,0.20580614620543553,-1.0210955604223084,-0.13799136198148926,0.04796901570903034,1.6461106661147047,1.2958578277786068,-2.249150175433057,1.1498977365650997,-0.5471370752153455,-0.9035598670890536,0.9200574769618152,-0.09838193435969332,-0.059347087835528604,0.08318468188069766,-0.3491346580287255,-0.07893916270456523,0.5972502029764315,0.0,0.0,0.0,0.01,-3.2311984443055204,0.20580614620543553,-1.0210955604223084,1.6461106661147047,0.0,0.0
1.9500000000000002,-0.059579580699404354,0.062401506457425246,0.10044684852179087,-0.4530690163971368,-0.8397454096534783,0.9161824322752281,-3.232483912930531,0.1984838952899402,-1.014410613443878,-0.1309505026365819,0.04639021220610638,1.718543779450143,4.396589230034268,-2.899548477860345,-1.7482532353136313,-0.4530690163971368,-0.8397454096534783,0.9161824322752281,-0.06602923322447796,-0.06571125340411003,0.09410321651400048,-0.4728820959327658,-0.11246445374147457,0.6042353935692882,0.0,0.0,0.0,0.01,-3.232483912930531,0.1984838952899402,-1.014410613443878,1.718543779450143,0.0,0.0
2.0,-0.07596045531616115,0.1143930422542078,0.09158306777210912,-0.35289521368207705,-0.9056691483471785,0.8182535430394657,-3.236333300724121,0.19455857793763986,-1.0109368404930765,-0.12918067118551965,0.03758107642288752,1.7600218152765206,-3.529159075841519,3.3912409502636693,-1.3117393701691138,-0.35289521368207705,-0.9056691483471785,0.8182535430394657,-0.10926207371737967,-0.09530130174774674,0.07888395478628737,-0.4118195570358838,-0.0984767431468663,0.6610217823650391,0.0,0.0,0.0,0.01,-3.236333300724121,0.19455857793763986,-1.0109368404930765,1.7600218152765206,0.0,0.0
2.0500000000000003,-0.07337526223018075,0.11870837790198663,0.12379032201081024,-0.34814824397316096,-1.0105084676162415,1.1959877996551698,-3.2432304036711064,0.18412493859066797,-1.0038654325280194,-0.12254608113326229,0.021445863662779997,1.8566798343330049,-0.6094543851474434,1.1198340850494113,0.8742735118345165,-0.34814824397316096,-1.0105084676162415,1.1959877996551698,-0.10752194202514048,-0.10564443625677072,0.10989966781633227,-0.4060146879073244,-0.09941541012214823,0.6298286188680784,0.0,0.0,0.0,0.01,-3.2432304036711064,0.18412493859066797,-1.0038654325280194,1.8566798343330049,0.0,0.0
2.1,-0.07231332736502094,0.11607099199231481,0.12104063518549196,-0.2848237219147946,-0.9863048266209047,1.1750849730221962,-3.2450461527082735,0.17243933342341253,-0.9970825847312339,-0.11453590542586536,0.020887768902397467,1.9473530823406338,0.1302845683558796,0.045210992194068114,-0.007311089632795355,-0.2848237219147946,-0.9863048266209047,1.1750849730221962,-0.09433176202324457,-0.11264301774678175,0.10846933709245307,-0.43203975814694645,-0.10795647543788858,0.640398487896074,0.0,0.0,0.0,0.01,-3.2450461527082735,0.17243933342341253,-0.9970825847312339,1.9473530823406338,0.0,0.0
2.15,-0.07123610576320846,0.12105999536761915,0.12389933305976354,-0.22466410778252813,-1.0016543521540053,1.1809910279085738,-3.2486151176290816,0.16570388254408774,-0.992702326722867,-0.11221340265125329,0.00897836531702597,2.024615106179011,-2.9870752162832943,0.17591226402354893,1.2555052346061302,-0.22466410778252813,-1.0016543521540053,1.1809910279085738,-0.08979413092246215,-0.12196025275088532,0.11019918682181419,-0.5494860893499998,-0.15543060559794294,0.6393329838679555,0.0,0.0,0.0,0.01,-3.2486151176290816,0.16570388254408774,-0.992702326722867,2.024615106179011,0.0,0.0
2.2,-0.03909212032582024,0.12471947115253422,0.1229893270678927,-0.2211747047614914,-1.0291592765582371,1.1586605649043498,-3.2551465969855706,0.16074903311705477,-0.9937929562745431,-0.10491888231952126,-0.008305393708376685,2.06762621085377,1.8639640421625416,-5.826282922243106,5.329315806053117,-0.2211747047614914,-1.0291592765582371,1.1586605649043498,-0.10129596602056595,-0.10042106893695472,0.1089231431343635,-0.4727556179592889,-0.12438878447117627,0.6537112172889605,0.0,0.0,0.0,0.01,-3.2551465969855706,0.16074903311705477,-0.9937929562745431,2.06762621085377,0.0,0.0
2.25,-0.017054305532380916,0.10780491478806925,0.15005948348049478,-0.3673156426599617,-0.9864362273618519,1.2215881348166702,-3.251398215813116,0.14768408290762944,-0.9797378110767747,-0.10674943925941088,-0.008228189174758451,2.186341194813846,-2.8438856813308804,9.49478504311007,-5.848016833226083,-0.3673156426599617,-0.9864362273618519,1.2215881348166702,-0.09006992482084306,-0.08597318947248551,0.1375740415441203,-0.4490134279242765,-0.16215177373032258,0.6674865715327046,0.0,0.0,0.0,0.01,-3.251398215813116,0.14768408290762944,-0.9797378110767747,2.186341194813846,0.0,0.0
2.3000000000000003,-0.04384685814452445,0.1325511578283649,0.11233686796442595,-0.15847137108128656,-0.9511211246473237,1.1560071834399142,-3.2556276904086205,0.1404948826667962,-0.9806955404535769,-0.0945878913649354,-0.021627450000986502,2.249030281057707,-4.388995981401236,1.2745814582146369,-0.029738165087609528,-0.15847137108128656,-0.9511211246473237,1.1560071834399142,-0.08216406491567195,-0.12525737521787234,0.09834421541150966,-0.4861407804974835,-0.1654336262875965,0.7180718910265447,0.0,0.0,0.0,0.01,-3.2556276904086205,0.1404948826667962,-0.9806955404535769,2.249030281057707,0.0,0.0
2.35,-0.1119558663509265,0.1435603493645368,0.13256565075467985,0.0466399650377086,-0.8268992702998997,1.3598731596239928,-3.252676728567877,0.12023305222889395,-0.9762644268112872,-0.06204849461449294,-0.023019798727553498,2.348219627722417,-14.979803955186625,10.11581785830687,-7.8925161250541835,0.0466399650377086,-0.8268992702998997,1.3598731596239928,-0.027478025556235644,-0.18806894882928055,0.12079888359519901,-0.5116602879005927,-0.17518735448949438,0.7494540685093964,0.0,0.0,0.0,0.01,-3.252676728567877,0.12023305222889395,-0.9762644268112872,2.348219627722417,0.0,0.0
2.4000000000000004,-0.005255668721621339,0.09905531543369084,0.14863543789440833,-0.22792429535695266,-0.9923376723092681,1.28250445545239,-3.2555377279777638,0.12934813706364784,-0.9650925295001271,-0.11565756064343705,-0.03901399802239604,2.4239871682328302,-1.8149698696658672,0.44144788624803727,0.6025834503953349,-0.22792429535695266,-0.9923376723092681,1.28250445545239,-0.06802197896835561,-0.09399738416878228,0.1359028076019656,-0.5302225739607269,-0.18484397553246987,0.7711592224029196,0.0,0.0,0.0,0.01,-3.2555377279777638,0.12934813706364784,-0.9650925295001271,2.4239871682328302,0.0,0.0
2.45,-0.059624929905415194,0.13320781975041643,0.21553827300347786,-0.12716365653288758,-1.019643790742648,1.6637212325221358,-3.2532422846847764,0.11832141220956181,-0.9572995647371176,-0.11185168990826627,-0.04393887802988867,2.51175520950737,-9.988148341062441,8.415282621064962,19.127359333595724,-0.12716365653288758,-1.019643790742648,1.6637212325221358,-0.03692835414881605,-0.16666047428120942,0.19651154065456006,-0.6388501879966496,-0.2540380286914305,0.7162408962168325,0.0,0.0,0.0,0.01,-3.2532422846847764,0.11832141220956181,-0.9572995647371176,2.51175520950737,0.0,0.0
2.5,-0.052003727406497946,0.14542054228495574,0.1507459972252374,0.11311332313118329,-0.9352333215161251,1.4903548941469134,-3.2513489119371752,0.10150749464836867,-0.9581846491725345,-0.0756336242269496,-0.04816319557426863,2.589819414543319,-2.1469015417775226,1.3444907184104775,0.9527108529074246,0.11311332313118329,-0.9352333215161251,1.4903548941469134,-0.03203498638555461,-0.16393063103833586,0.13666157220192357,-0.6573144657442823,-0.26775071766941216,0.7265791421126648,0.0,0.0,0.0,0.01,-3.2513489119371752,0.10150749464836867,-0.9581846491725345,2.589819414543319,0.0,0.0
2.5500000000000003,-0.05630852631406518,0.15933043260591706,0.16920330705418318,0.2017882777630429,-1.00998949224261,1.6109188851995502,-3.2504586740847925,0.10061689596462306,-0.9479205584465933,-0.100557093765862,-0.0620380921687136,2.6708850613206394,-10.294053427661165,13.132003065444946,0.1489972103630591,0.2017882777630429,-1.00998949224261,1.6109188851995502,-0.021090721073961947,-0.1861957197756168,0.14856961812545313,-0.6705460904783499,-0.28524362243578516,0.736187473444693,0.0,0.0,0.0,0.01,-3.2504586740847925,0.10061689596462306,-0.9479205584465933,2.6708850613206394,0.0,0.0
2.6,-0.010869606939801173,0.10695440098614842,0.15472920465518525,0.08459048026592582,-1.004003615643159,1.3200982687930656,-3.250212036505833,0.10016466194715516,-0.9456408016663632,-0.10521157962941875,-0.06687950530043178,2.6895545852385228,0.7567447082651164,-0.8722761305506579,-0.24105327653396744,0.08459048026592582,-1.004003615643159,1.3200982687930656,-0.035225815080773486,-0.11919804095265653,0.14159621465103428,-0.5671007962636478,-0.22520050807609746,0.7534238774233256,0.0,0.0,0.0,0.01,-3.250212036505833,0.10016466194715516,-0.9456408016663632,2.6895545852385228,0.0,0.0
2.6500000000000004,-0.08053092686881622,0.2496000092151151,0.2966550382225897,0.7208940419398652,-1.5147467165681405,3.385955237165194,-3.244448148798721,0.07531464052017572,-0.927752907651815,-0.08579976774581774,-0.09756653695700974,2.890139009755675,-6.190720535131599,7.441358412759903,9.036883713109724,0.7208940419398652,-1.5147467165681405,3.385955237165194,0.035295041407639435,-0.29207049882375397,0.26502582940962355,-0.5895844947634776,-0.2405753165567836,0.8123628495870617,0.0,0.0,0.0,0.01,-3.244448148798721,0.07531464052017572,-0.927752907651815,2.890139009755675,0.0,0.0
2.7,-0.04291472066818548,0.24372928367901275,0.2796449516367911,0.9253420594191837,-1.6022103673374477,3.2808372913430772,-3.2415127379665547,0.06934971067507101,-0.9227826141721109,-0.08118466719087708,-0.1032884483293248,2.949678795918509,0.4906090407309057,1.8484817332096735,1.3872571494539645,0.9253420594191837,-1.6022103673374477,3.2808372913430772,0.017451185483409765,-0.27396276184782403,0.25315370270764825,-0.6954154792279827,-0.31429933746738065,0.7414631536925139,0.0,0.0,0.0,0.01,-3.2415127379665547,0.06934971067507101,-0.9227826141721109,2.949678795918509,0.0,0.0
2.75,-0.023925390170566364,0.24692675035933823,0.26829778855018416,1.0828421586282144,-1.5316583326622704,2.9086999077560374,-3.233133741886025,0.05861368777971379,-0.9132751225492943,-0.07142578303265724,-0.10956753949569875,3.0665006983114806,0.7021280469442859,0.0026890566216962275,0.018528106854261976,1.0828421586282144,-1.5316583326622704,2.9086999077560374,0.031060076115736367,-0.26853115354968976,0.24587647086232897,-0.7172222413673898,-0.33879089574182103,0.7653018506512151,0.0,0.0,0.0,0.01,-3.233133741886025,0.05861368777971379,-0.9132751225492943,3.0665006983114806,0.0,0.0
2.8000000000000003,-0.021425675605588106,0.24318359011923235,0.25805095034906067,1.274484247372648,-1.436096376893641,2.7296097358824816,-3.224559147000382,0.050680535932544554,-0.9053874544367908,-0.061633286111276164,-0.11171649205352119,3.1696298833232275,-0.19471433064553947,-0.2615270149308465,-0.04116655858528322,1.274484247372648,-1.436096376893641,2.7296097358824816,0.055567153575066607,-0.25715963409320824,0.23868143013460483,-0.6216765523075872,-0.28057862514677806,0.8135656550493705,0.0,0.0,0.0,0.01,-3.224559147000382,0.050680535932544554,-0.9053874544367908,3.1696298833232275,0.0,0.0
2.85,-0.028657340783289315,0.2794663133446499,0.28713601821205037,1.5721228865935157,-1.3882462163124665,2.941995792531251,-3.2121314761942568,0.04225729237829816,-0.895129892304567,-0.04716996826468273,-0.11497006595420786,3.284588709344344,-3.813786212505542,14.721978566060251,13.77479123396198,1.5721228865935157,-1.3882462163124665,2.941995792531251,0.10095992779827051,-0.2811767554389121,0.26854512024928834,-0.6280037705500017,-0.3040835869029247,0.792757003085382,0.0,0.0,0.0,0.01,-3.2121314761942568,0.04225729237829816,-0.895129892304567,3.284588709344344,0.0,0.0
2.9000000000000004,-0.0003795058488209067,0.24615476301717795,0.2464147632992186,1.5204490127789838,-1.2435724468128364,2.510616990559329,-3.205658810682996,0.03982742949853107,-0.8903696943143087,-0.050112023786062956,-0.11260685560938877,3.374906614858298,0.6967759408204043,1.5159621413040045,0.5182222124564129,1.5204490127789838,-1.2435724468128364,2.510616990559329,0.08561828191741717,-0.24503275875904096,0.23225202666281644,-0.6392066592195551,-0.3451467654811006,0.9690048195067406,0.0,0.0,0.0,0.01,-3.205658810682996,0.03982742949853107,-0.8903696943143087,3.374906614858298,0.0,0.0
2.95,0.016756658920862144,0.2641735424220663,0.24612905608549504,1.6794524749687103,-1.1239031549446943,2.4659002007951174,-3.1955202401401155,0.03187407520228234,-0.8811413282874653,-0.03001089449985757,-0.11636179006144057,3.474889327180991,2.5699660798704524,3.042336337143264,0.9691701948947959,1.6794524749687103,-1.1239031549446943,2.4659002007951174,0.09919796520539807,-0.2529039943205944,0.23842670097819899,-0.7421170344203926,-0.4613003433610216,0.8038898933549806,0.0,0.0,0.0,0.01,-3.1955202401401155,0.03187407520228234,-0.8811413282874653,3.474889327180991,0.0,0.0
3.0,0.01773564053088777,0.23984672177964397,0.21966282255176456,1.6974291282397147,-0.9471846874928724,2.3553808563513026,-3.1847500838590808,0.025811370852980582,-0.8726371898848193,-0.014191691313441168,-0.11602566756679406,3.5796550958541156,0.5120375160247466,-0.5393559110380062,-0.7514353127482137,1.6974291282397147,-0.9471846874928724,2.3553808563513026,0.10976770094856818,-0.21685438919101643,0.21683630743477367,-0.6297541180964912,-0.3998053062635871,0.8652975009581527,0.0,0.0,0.0,0.01,-3.1847500838590808,0.025811370852980582,-0.8726371898848193,3.5796550958541156,0.0,0.0
3.0500000000000003,0.02118650770543402,0.23942357191825706,0.21674839869558807,1.7241221238173656,-0.771415232272947,2.344762592801937,-3.1731406781406934,0.022592268276307427,-0.8646511337910368,-0.004380684504371039,-0.1131134555527191,3.687650131055575,0.6893733736062249,0.5594618992685616,0.03868420279074232,1.7241221238173656,-0.771415232272947,2.344762592801937,0.12764584043642474,-0.20370446360911212,0.21671043851405392,-0.7259094986422795,-0.5251950311151204,0.7781868195499679,0.0,0.0,0.0,0.01,-3.1731406781406934,0.022592268276307427,-0.8646511337910368,3.687650131055575,0.0,0.0
3.1,0.023587566923655143,0.25266622335583877,0.21503892351271048,1.765982083609309,-0.5558708755982266,2.3284482656021517,-3.1604541230255356,0.01638197956349136,-0.8555948324568334,0.017957607454852843,-0.10749401415179313,3.7916008114916804,-0.9258760776074699,-0.5699181217886301,0.555335913386234,1.765982083609309,-0.5558708755982266,2.3284482656021517,0.15063189475823927,-0.19797379688689035,0.22080475627014212,-0.6223802266668492,-0.45307104983958635,0.8945014392244183,0.0,0.0,0.0,0.01,-3.1604541230255356,0.01638197956349136,-0.8555948324568334,3.7916008114916804,0.0,0.0
3.1500000000000004,0.02190066530053011,0.2331177611861368,0.20141096976980552,1.7036927283678818,-0.33703023467265136,2.282053979315461,-3.1475851890967257,0.014266760488357282,-0.8467794449078827,0.03149408201222541,-0.10024820216468369,3.902586106615225,-0.9454627749044922,-0.4641107659439227,0.47890885358257546,1.7036927283678818,-0.33703023467265136,2.282053979315461,0.1556559554614933,-0.16476281122424002,0.2097959676245259,-0.747261805484867,-0.6265482474989564,0.9003967701001188,0.0,0.0,0.0,0.01,-3.1475851890967257,0.014266760488357282,-0.8467794449078827,3.902586106615225,0.0,0.0
3.2,0.004958470144617917,0.28699986161151025,0.22842337960205605,1.8144801337940903,-0.11154334565397385,2.6876801727327644,-3.136780227162039,0.013157363120818187,-0.8398472282813665,0.04431862449397027,-0.09376949483610955,3.990544668628778,-8.277743245429983,15.715593271880815,10.871264320551209,1.8144801337940903,-0.11154334565397385,2.6876801727327644,0.21925439451081974,-0.1695418163450738,0.24032026618271954,-0.7010566802885847,-0.5811229063453778,0.8764276747181656,0.0,0.0,0.0,0.01,-3.136780227162039,0.013157363120818187,-0.8398472282813665,3.990544668628778,0.0,0.0
3.25,0.03850858445160708,0.2525655494358577,0.19374460702143767,1.717137082383331,-0.03152746348986263,2.3893391769868018,-3.125456718647861,0.010945153568753961,-0.8329576654451489,0.06019603808776372,-0.08527992419822543,4.083148749090958,-0.09977409074984724,0.587095510939589,0.32320827978325584,1.717137082383331,-0.03152746348986263,2.3893391769868018,0.18227498307848303,-0.15816971965427787,0.21110994982809406,-0.6896466063469633,-0.6571435879244223,0.8334667946348656,0.0,0.0,0.0,0.01,-3.125456718647861,0.010945153568753961,-0.8329576654451489,4.083148749090958,0.0,0.0
3.3000000000000003,-0.060390278589311494,0.39613225798010304,0.2618021100960729,1.7997049081679461,0.41551718563194334,3.573411832245646,-3.109077638510857,0.012103476099780443,-0.8219806754876738,0.0768700588253736,-0.07181862804626252,4.22514044246619,-39.5408804763965,50.717092049997994,24.789395965567305,1.7997049081679461,0.41551718563194334,3.573411832245646,0.36922653374447917,-0.10380247643995562,0.28636499275441346,-0.7545904162045654,-0.6009119953183576,0.9177803270805038,0.0,0.0,0.0,0.01,-3.109077638510857,0.012103476099780443,-0.8219806754876738,4.22514044246619,0.0,0.0
3.35,0.04599860211087789,0.2615753310362779,0.19284508461222513,1.6168222717007104,0.3789981340186111,2.6566210982301413,-3.0955689518306135,0.015089127881090346,-0.8141735640879291,0.08445639339356695,-0.056625643644293774,4.324219138346399,0.537359693840108,-1.1029691656229454,-0.46981412548380247,1.6168222717007104,0.3789981340186111,2.6566210982301413,0.21340118423762297,-0.1237810211109037,0.2164831292288422,-0.6335997176383887,-0.5049197206889826,0.9415102926271888,0.0,0.0,0.0,0.01,-3.0955689518306135,0.015089127881090346,-0.8141735640879291,4.324219138346399,0.0,0.0
3.4000000000000004,0.05441317320690379,0.26769971659659203,0.19109334004028347,1.4828755726076612,0.6562180459700877,2.62638480150051,-3.079443286613407,0.020152731215297686,-0.8030957072289733,0.09470235161369671,-0.039134016916263,4.463923165573286,1.065412728104175,-0.12324512737284876,-1.1793487719124178,1.4828755726076612,0.6562180459700877,2.62638480150051,0.2295041291960404,-0.10562082354766625,0.21751481008697213,-0.8115532104508741,-0.5571956082109849,0.901652690885212,0.0,0.0,0.0,0.01,-3.079443286613407,0.020152731215297686,-0.8030957072289733,4.463923165573286,0.0,0.0
3.45,0.054259563934695124,0.2633031860762871,0.18938242215950585,1.295095434969433,0.8805883680877752,2.495342226646404,-3.066995111977196,0.024729362753860725,-0.7944837241591044,0.10287126890299017,-0.02344913391511665,4.578831092561156,0.5430721384448255,-0.11762085813516204,0.08239828463158204,1.295095434969433,0.8805883680877752,2.495342226646404,0.233753568760423,-0.0810423338906893,0.21663282094046757,-0.6347039952275724,-0.5367033999951362,0.9581154484331691,0.0,0.0,0.0,0.01,-3.066995111977196,0.024729362753860725,-0.7944837241591044,4.578831092561156,0.0,0.0
3.5,0.06136426061642766,0.2567480586189493,0.18776507735100983,1.0917394570482228,1.0552441039913298,2.3513634694261922,-3.0547418023979027,0.0313184508015023,-0.785369792877933,0.10691575507803874,-0.007182835787747598,4.69486264889459,1.1531266022938524,0.09115215257022652,0.24491229999969893,1.0917394570482228,1.0552441039913298,2.3513634694261922,0.23416060750902792,-0.06393849596846808,0.21452631769208208,-0.7166572232031653,-0.7217268274808658,0.8467566462257777,0.0,0.0,0.0,0.01,-3.0547418023979027,0.0313184508015023,-0.785369792877933,4.69486264889459,0.0,0.0
3.5500000000000003,0.0456542301574402,0.24800057510363316,0.1875965819975822,0.8453125418156083,1.1979499757411807,2.3130928796381895,-3.0439224838801997,0.04133026233856282,-0.7756355121923459,0.10571753941720577,0.007329704461176964,4.815573486010091,3.422822926994365,-4.061636004867689,-2.840221951371522,0.8453125418156083,1.1979499757411807,2.3130928796381895,0.23047719431395558,-0.02359817007777306,0.21237810817107433,-0.6273282190382307,-0.5940635281299208,0.9907076755807115,0.0,0.0,0.0,0.01,-3.0439224838801997,0.04133026233856282,-0.7756355121923459,4.815573486010091,0.0,0.0
3.6,-0.00999148610227056,0.22673262638835792,0.17931546223581,0.46199520232699404,1.1793242409768294,2.3391910904320117,-3.037068729545861,0.05661360666936234,-0.7674305687540148,0.09160509408032178,0.0074595394172939,4.950819163057861,-4.5585870863180435,-0.0062127025582445995,-0.673306282908317,0.46199520232699404,1.1793242409768294,2.3391910904320117,0.20144682102655273,0.05771445744654119,0.19937343945542044,-0.5759792133667784,-0.6519803242076805,0.9659653131372046,0.0,0.0,0.0,0.01,-3.037068729545861,0.05661360666936234,-0.7674305687540148,4.950819163057861,0.0,0.0
3.6500000000000004,0.019515341303569984,0.2592570715302719,0.23693929052474483,0.4564955974340353,1.2893224051511425,2.4547104905681723,-3.0272957899415682,0.06377832970862347,-0.7593576345904638,0.1006747578227431,0.026147767239983535,5.074399127761995,-10.246790040355133,4.213792185285431,12.338332555320855,0.4564955974340353,1.2893224051511425,2.4547104905681723,0.22828918581102395,0.0582733181823979,0.26119642629402406,-0.6536109491115302,-0.8426107318252196,0.8562521081272073,0.0,0.0,0.0,0.01,-3.0272957899415682,0.06377832970862347,-0.7593576345904638,5.074399127761995,0.0,0.0
3.7,0.05997617370953198,0.2407735840019501,0.19690295793682627,0.3733279351699714,1.3942548252235296,2.197935754919072,-3.0206215852988354,0.067166216997403,-0.7486248702128456,0.11454640638829922,0.03549160124762202,5.164232797333453,-1.144029051672264,0.028505932693768082,-0.6904626254508452,0.3733279351699714,1.3942548252235296,2.197935754919072,0.22457186430980725,0.03356623425732024,0.22086335297747312,-0.49058586967559853,-0.7519596150123797,0.889417358567216,0.0,0.0,0.0,0.01,-3.0206215852988354,0.067166216997403,-0.7486248702128456,5.164232797333453,0.0,0.0
3.75,0.04109867604619211,0.2533889720905132,0.20104354405991984,0.13621801084397459,1.4927447801340104,2.183693390874445,-3.0120090393711143,0.07761504589420783,-0.7387937032434817,0.11583617173173022,0.052549489208749155,5.2865948623552415,0.2578295365692163,4.191765094851086,1.1986849476386838,0.13621801084397459,1.4927447801340104,2.183693390874445,0.22064168315557417,0.07953113167534859,0.22650745176864095,-0.5471370752153455,-0.9035598670890536,0.9200574769618152,0.0,0.0,0.0,0.01,-3.0120090393711143,0.07761504589420783,-0.7387937032434817,5.2865948623552415,0.0,0.0
3.8000000000000003,0.04651117150423951,0.2357727218943648,0.19614228432458683,-0.07610706382900001,1.5118600038535508,2.061029014390423,-3.0056924747360574,0.0901664524666074,-0.7291822854601845,0.10986514567496103,0.0680033238834663,5.410213353364769,-0.18433976183197012,-0.5740661080358145,-0.2044085345315168,-0.07610706382900001,1.5118600038535508,2.061029014390423,0.20254885759100283,0.08971087351566906,0.21714000236224693,-0.43747337056897556,-0.7644361437087992,0.9061431143550935,0.0,0.0,0.0,0.01,-3.0056924747360574,0.0901664524666074,-0.7291822854601845,5.410213353364769,0.0,0.0
3.85,0.04714486546739203,0.22727375790811274,0.1979607042560036,-0.2365928614796132,1.5074886134935,2.0307788026708304,-3.001672994411802,0.10317405775542773,-0.7199711042954307,0.10324764270713803,0.0803626053324342,5.531962998841189,-0.08722164555608242,-0.8233059606565744,0.050233653689256134,-0.2365928614796132,1.5074886134935,2.0307788026708304,0.18764187856151926,0.10616204151896375,0.21583462686412655,-0.4058103681073744,-0.712923745165997,1.0190857253737318,0.0,0.0,0.0,0.01,-3.001672994411802,0.10317405775542773,-0.7199711042954307,5.531962998841189,0.0,0.0
3.9000000000000004,0.002022227402364093,0.2428788206874438,0.18898729990732888,-0.5740789018478234,1.3884507373021933,2.1090127700594046,-3.0031762958418327,0.12186769933922403,-0.7115435527983409,0.07888822368035567,0.08211408396889387,5.664427252753736,-3.945006688809124,3.428722709523964,-0.3765414369193888,-0.5740789018478234,1.3884507373021933,2.1090127700594046,0.14730738243475622,0.17405883945077055,0.20667478307167608,-0.5203292694249333,-0.8784278602952279,0.9014145248262598,0.0,0.0,0.0,0.01,-3.0031762958418327,0.12186769933922403,-0.7115435527983409,5.664427252753736,0.0,0.0
3.95,0.020814899430769977,0.2190480519591689,0.19571769697820932,-0.6790070769700691,1.2947729627027205,2.0677800454298714,-3.0032394154122732,0.13663418133753696,-0.7022841407326015,0.0648027984418053,0.08879129071116479,5.7920222707576725,-2.9315310618797956,0.5816081703762612,-0.32719254639667655,-0.6790070769700691,1.2947729627027205,2.0677800454298714,0.13178229168915676,0.16303153714123161,0.206820868169523,-0.2979498157936227,-0.9745505609891347,2.0659584931042154,0.0,0.0,0.0,0.01,-3.0032394154122732,0.13663418133753696,-0.7022841407326015,5.7920222707576725,0.0,0.0
4.0,0.0529044786663324,0.2103193634424036,0.20194416522373448,-0.8103941408554926,1.3520870076105311,2.01866238905567,-2.9973136345138647,0.14549813757992253,-0.6902784624144758,0.06968924427509916,0.11728548241359076,5.919068701345302,0.7182099197241609,-0.43786558075189186,-0.8776651003596405,-0.8103941408554926,1.3520870076105311,2.01866238905567,0.14243588649142497,0.15519698610486138,0.20842379449826406,-0.34814824397316096,-1.0105084676162415,1.1959877996551698,0.0,0.0,0.0,0.01,-2.9973136345138647,0.14549813757992253,-0.6902784624144758,5.919068701345302,0.0,0.0
4.05,0.03208783160227922,0.23454412844520361,0.2241639785998102,-1.0614156080780306,1.2705427125034314,2.281527958569262,-2.9995765928641758,0.1610230972000489,-0.6796105396294416,0.05349792486480644,0.12599567575180617,6.050857396036848,-3.340240929026105,5.99290285151803,3.796564704148412,-1.0614156080780306,1.2705427125034314,2.281527958569262,0.11105003635262173,0.20208278286245193,0.23047885960191894,-0.2760060586602366,-0.8329905437057208,1.2549547782125519,0.0,0.0,0.0,0.01,-2.9995765928641758,0.1610230972000489,-0.6796105396294416,6.050857396036848,0.0,0.0
4.1000000000000005,0.03759718237599032,0.1869057158209902,0.21211168660667412,-1.103376451038551,1.1542572942737763,2.1525737645939182,-3.0058734500704354,0.16910573831736952,-0.6701713118693733,0.05336208230124072,0.12592562459965104,6.17039751322035,-0.8737223684741765,0.1454075103917133,0.28506561506573236,-1.103376451038551,1.1542572942737763,2.1525737645939182,0.08447215158864282,0.1668793987786618,0.21530068321664908,-0.26454106694366086,-0.8461475350555614,1.3010940967107092,0.0,0.0,0.0,0.01,-3.0058734500704354,0.16910573831736952,-0.6701713118693733,6.17039751322035,0.0,0.0
4.15,0.05478963639056642,0.1910018581067687,0.21198458443541962,-1.290955808831169,1.0835138495881942,2.1624070622764195,-3.0113948867284073,0.18276543397686357,-0.6607596062085336,0.03485514674843745,0.13476617972543853,6.3052979704836085,0.5642771270383418,-0.0002315979501930809,-0.14101492933735063,-1.290955808831169,1.0835138495881942,2.1624070622764195,0.07957403710130913,0.18530334227649078,0.20916912309150085,-0.2385034907461424,-0.8377424271594867,1.2328547374507186,0.0,0.0,0.0,0.01,-3.0113948867284073,0.18276543397686357,-0.6607596062085336,6.3052979704836085,0.0,0.0
4.2,0.05478963639056642,0.1910018581067687,0.21198458443541962,-1.290955808831169,1.0835138495881942,2.1624070622764195,-3.0113948867284073,0.18276543397686357,-0.6607596062085336,0.03485514674843745,0.13476617972543853,6.3052979704836085,0.5642771270383418,-0.0002315979501930809,-0.14101492933735063,-1.290955808831169,1.0835138495881942,2.1624070622764195,0.07957403710130913,0.18530334227649078,0.20916912309150085,-0.2385034907461424,-0.8377424271594867,1.2328547374507186,0.0,0.0,0.0,0.01,-3.0113948867284073,0.18276543397686357,-0.6607596062085336,6.3052979704836085,0.0,0.0
