time,vx,vy,vz,wx,wy,wz,x,y,z,phi,theta,psi,vxdot,vydot,vzdot,wxdot,wydot,wzdot,xdot,ydot,zdot,phidot,thetadot,psidot,fx,fy,fz,tauz,x_ref,y_ref,z_ref,psi_ref,x_error,y_error,z_error,psi_error,solve_time,metadata
0.05,-0.007541242262277043,0.01049416669851847,-0.008424195392689123,0.09639089550739083,-0.06088375949110732,0.014156753310531324,-2.6077551662540435,-0.2416943557076156,-1.1841848852038384,-0.03028254685758415,0.047031560514239956,-0.12339919819797374,-0.1256844943481692,0.17489877519336422,-0.140400043042857,1.6190239286617278,-1.0070970893901494,0.2668505808196296,-0.006623612594568658,0.011134228885041321,-0.008373866544281383,0.09714365911071898,-0.06042720840079369,0.01601140131268293,-0.003576719439333283,0.00029367776442779434,-0.010666715594331482,-0.00013337941021998134,-2.6074031352996823,-0.2422467991709709,-1.1837542057037354,-0.12423672664195168,-2.599861893037405,-0.25274096586948935,-1.1753300103110462,-0.2206276221493425,4409511,97.0
0.1,-0.007541242262277043,0.01049416669851847,-0.008424195392689123,0.09639089550739083,-0.06088375949110732,0.014156753310531324,-2.6077551662540435,-0.2416943557076156,-1.1841848852038384,-0.03028254685758415,0.047031560514239956,-0.12339919819797374,-0.1256844943481692,0.17489877519336422,-0.140400043042857,1.6190239286617278,-1.0070970893901494,0.2668505808196296,-0.006623612594568658,0.011134228885041321,-0.008373866544281383,0.09714365911071898,-0.06042720840079369,0.01601140131268293,-0.003289583051992704,-0.00020497238183278185,-0.006839890991622515,-0.00013581753442697543,-2.606153135299682,-0.2409967991709709,-1.1847542057037352,-0.12423672664195168,-2.598611893037405,-0.2514909658694894,-1.1763300103110461,-0.2206276221493425,27608904,0.05
0.15000000000000002,-0.003988668777505095,0.011166172950194673,-0.0035518654580641656,0.07280205442231809,-0.05722277416253529,0.021559486973229968,-2.60789386178669,-0.2411198169686139,-1.1843682435128264,-0.026591756346538722,0.04420035441430028,-0.12224450908265842,0.00476884757083504,0.008252420312349516,0.04591766214230757,-0.2535082394327834,-0.01907922953876361,-0.017149432792671223,-0.0027741646352847254,0.01149182688820871,-0.003667501949593405,0.073822568878948,-0.056629306566655484,0.02309589679881104,-0.002799303071480808,5.284588086296345e-05,-0.009602601444465056,-0.00013139118856541875,-2.6049031352996823,-0.2397467991709709,-1.1857542057037351,-0.12423672664195168,-2.6009144665221773,-0.25091297212116553,-1.182202340245671,-0.19703878106426975,13796950,gamma_th = 1
0.2,-0.003120176520213022,0.007350791978242894,0.0006058998770274819,0.032924035766459796,-0.05762234045173061,0.007884793380220832,-2.607996785262619,-0.24074241814818498,-1.1843560509648405,-0.025011535182646615,0.04138638763001286,-0.12179649733026922,-0.004111093906312231,-0.018123351686218314,-0.0031539237944781086,-0.08763200063725358,0.023019862476365737,-0.08069773787747865,-0.0021824340810235794,0.007685738049073065,0.0005506096699913294,0.0333101180766486,-0.05740712756304789,0.009331390587372918,-0.002415342552807052,0.0005961151488437207,-0.012247563494014011,-9.786815906325326e-05,-2.603653135299682,-0.23849679917097089,-1.186754205703735,-0.12423672664195168,-2.600532958779469,-0.24584759114921378,-1.1873601055807625,-0.15716076240841148,9357821,gamma_ph = 1
0.25,-0.006888330033711906,0.0067538720063959005,-0.0005489588226074468,0.018633712189112778,-0.048764452340408014,0.007085092897615549,-2.6082989920918096,-0.24036611335579225,-1.184378175709826,-0.024063737403095035,0.03895733919455256,-0.12138335524539925,-0.02563050975239809,0.002383259699779596,0.0070615494719250506,-0.14883329749375365,0.04832046183614196,0.053710758393919616,-0.00604399824767222,0.007525923593133662,-0.0004424847720356791,0.01895552173357004,-0.04857985680452442,0.00826265258029004,-0.0021730383775666446,0.0007425203804867827,-0.012297889278974964,-9.017740852998709e-05,-2.6024031352996824,-0.23724679917097088,-1.187754205703735,-0.12423672664195168,-2.5955148052659704,-0.2440006711773668,-1.1872052468811274,-0.14287043883106446,16720792,gamma_psi = 1
0.30000000000000004,-0.007655071298683353,0.0011846016727649201,0.002729899977514591,-0.010855089909825878,-0.04192221472264348,0.010752865763652052,-2.608664034117552,-0.24031747187036812,-1.1842007413437672,-0.02463783618191012,0.03684555290353129,-0.1208533086508305,-0.00497104387575723,-0.020822000572020303,0.009906326971500753,-0.09859566592125517,-0.04574171796998584,0.00020119571071227824,-0.007344468134357165,0.00215263946242172,0.0029800474436683312,-0.010420765391763268,-0.04164459094943592,0.011790372844982315,-0.0018859627135607588,0.0013572980056716628,-0.014610182940122084,-9.543823457433026e-05,-2.601153135299682,-0.23599679917097088,-1.1887542057037348,-0.12423672664195168,-2.593498064000999,-0.2371814008437358,-1.1914841056812493,-0.1133816367321258,10439352,k1 = [[0.35 0.35 3.   0.5 ]]
0.35000000000000003,-0.006451822522919044,-0.0031013499660096076,0.0024541607450481936,-0.04471099163636184,-0.05490761454552562,0.012099760612018633,-2.6089980534679604,-0.24042997806614444,-1.1840629649083894,-0.026850543574832294,0.03411701640284181,-0.12017434106238661,-0.11398026812842192,0.017654544477318686,0.03672769404066407,-0.3985893837585146,-0.2945321934948264,-0.22334588096775856,-0.006679437876924528,-0.002249804224031176,0.0027551372095208256,-0.044247860349295814,-0.0545629767526658,0.013577422451455422,-0.0016116235678311677,0.0017338249533465312,-0.015080137641489662,-9.942575114085467e-05,-2.5999031352996824,-0.23474679917097088,-1.1897542057037347,-0.12423672664195168,-2.5934513127767636,-0.23164544920496127,-1.1922083664487828,-0.07952573500558985,10111974,k2 = [[0.05 0.5  3.   0.5 ]]
0.4,-0.006987789217472145,-0.0067170625853020605,0.004760338320568327,-0.07394443392703744,-0.058326813882838266,0.009585037045351172,-2.6089908412147493,-0.24078215151081184,-1.1839458321434817,-0.029305598194275334,0.032615419525989675,-0.119153616394687,-0.005111637058175095,-0.015771698682788528,-0.0013906025853692788,-0.08020904758536235,-0.05275885100609898,-0.039092407517736,-0.007555660382292983,-0.005717074700366355,0.005180347662738019,-0.07357607590211529,-0.05802091457423559,0.011295986565492631,-0.001398685404640841,0.00212361083836396,-0.01681035057097993,-0.00010020242654428362,-2.5986531352996822,-0.23349679917097088,-1.1907542057037346,-0.12423672664195168,-2.59166534608221,-0.22677973658566883,-1.195514544024303,-0.05029229271491424,9413775,theta_limit = 20
0.45,-0.009694506874555257,-0.009799348632383046,0.004167626798790657,-0.1035372027932751,-0.06322030115267867,0.005437372153628734,-2.609628880837604,-0.24128881021711618,-1.1836584365349025,-0.03550382191427059,0.02883661144640014,-0.11869279615623517,0.026965903454124557,-0.034354398758753686,-0.009574565748756562,0.03878169736546299,0.06424568417734057,0.04805457261665409,-0.010635229414327933,-0.008445293024600205,0.004790483412667,-0.10331573285142401,-0.06298745312922875,0.007681229784402663,-0.0010575399646164238,0.0021424242381238756,-0.01723151488872733,-9.867040219883129e-05,-2.5974031352996825,-0.23224679917097088,-1.1917542057037345,-0.12423672664195168,-2.587708628425127,-0.22244745053858783,-1.1959218325025252,-0.020699523848676585,9288853,phi_limit = 20
0.5,-0.007379782544116097,-0.015323593316891364,0.0036233305811281193,-0.11514521974474204,-0.05736513087877825,0.02044809452593442,-2.6100699800044636,-0.24181146724211594,-1.1834604835990514,-0.04042085238322411,0.026448662200856003,-0.11781865227586917,-0.12391987030702024,-0.016557938239884065,0.048232473298635795,-0.21129552726960227,-0.33907269323317857,-0.22148595089856285,-0.008997266047806545,-0.014205544847041326,0.004433274896026842,-0.11454338534080881,-0.05649197002550415,0.022757467736288377,-0.0008533228805929658,0.0025345834774907136,-0.017501401613388378,-0.000129418040476307,-2.5961531352996823,-0.23099679917097088,-1.1927542057037344,-0.12423672664195168,-2.5887733527555663,-0.2156732058540795,-1.1963775362848625,-0.009091506897209639,10311551,psi_limit = 15
0.55,-0.00770838861514619,-0.01610802060956681,0.0013114815419574205,-0.12900850254420523,-0.05553073358847375,0.02301035571833582,-2.610637919253471,-0.24271324958788099,-1.18332470070307,-0.04812571797124607,0.023187070795547986,-0.11627891928800169,0.0039814636582027885,0.0031347331095610605,-0.004898828772067445,-0.13868392411614952,-0.002040521758045479,0.0061228925262617594,-0.009465587951481546,-0.01502960065156049,0.002263032439586181,-0.12841352839268394,-0.05435947658606469,0.02566203699413709,-0.0005592964188076452,0.0022044937879444147,-0.016962347415689517,-0.00014056847366199744,-2.594903135299682,-0.22974679917097088,-1.1937542057037343,-0.12423672664195168,-2.5871947466845358,-0.21363877856140406,-1.1950656872456917,0.0047717759022535555,14878069,psi cbf = True
0.6000000000000001,-0.011823035319747738,-0.017721960452596754,0.0028072139187331337,-0.14472334227034092,-0.05986886282950751,0.008074205316207261,-2.6112517578164254,-0.2433564604871714,-1.1831067817657845,-0.053982044438520456,0.020848199781746117,-0.11601798893089305,-0.02158120894088318,0.0072002963215233255,0.013161574655879967,-0.2578148059972264,-0.029170675703387026,-0.05540567149631783,-0.013694094889358596,-0.016067494541210862,0.004004981993759357,-0.14448787531296323,-0.059346002794754986,0.01129517263965474,-0.00026522513749653505,0.0022431179361941706,-0.018418436872038677,-0.00011436131963125531,-2.5936531352996823,-0.22849679917097088,-1.1947542057037341,-0.12423672664195168,-2.5818300999799346,-0.21077483871837413,-1.1975614196224673,0.020486615628389243,13630715,dT = 0.05
0.65,-0.013308531146317129,-0.015809423144679438,0.00200833728575524,-0.1479675737017852,-0.050536110811581686,0.0027868086570116755,-2.6116858797916125,-0.24369523771005788,-1.1831013979069858,-0.05847568227018812,0.019666945573770623,-0.11587735188475023,-0.006487600018273712,0.013250071885447173,-0.002950910987937261,-0.12757251658292276,0.06844519965451348,0.015419626001591982,-0.014970675148475244,-0.014028224004356351,0.003189999525987376,-0.14785475948607774,-0.05028686602136094,0.005736604505124832,-6.601697036448088e-05,0.0018985825242695594,-0.018593637661628012,-0.00010506061186984966,-2.592403135299682,-0.22724679917097088,-1.195754205703734,-0.12423672664195168,-2.579094604153365,-0.21143737602629142,-1.1977625429894894,0.023730847059833526,14401739,0
0.7000000000000001,-0.011681729203698792,-0.015093372915602369,0.002387266120955916,-0.16312095179921968,-0.024398299331487978,0.009830956728208036,-2.6127272184877546,-0.2448239323254816,-1.1827829258913372,-0.07092046345917458,0.017889846844277045,-0.1150700023021806,-0.003764518835967629,-0.0011316500123120445,0.0054042073132610875,-0.12434451690923065,0.0355370487669195,0.026474072095433926,-0.0132504804006194,-0.013453870673269358,0.0036592179150736702,-0.16291456803304366,-0.02364033514547378,0.01153697832750863,0.00019551238398448113,0.0013939775925688005,-0.019438277245836702,-0.00012301537229229102,-2.5911531352996824,-0.22599679917097087,-1.196754205703734,-0.12423672664195168,-2.579471406095984,-0.2109034262553685,-1.1991414718246898,0.038884225157268,13882969,0
0.75,-0.019941775241481222,-0.019230437893336647,-0.0031148569570046514,-0.10812505822490606,-0.027857704319014964,-0.019009410620660853,-2.6138310711581445,-0.24567256229203122,-1.1828484922246911,-0.07634053659252361,0.016428530860404085,-0.11591158697881161,0.021777786812955103,0.008075307473881717,0.022915410266789563,0.07808974503769213,0.09182498231548092,0.0055163000840915315,-0.022077074462137428,-0.016972615517339657,-0.0013113279176592042,-0.10840156604677015,-0.02922634754987622,-0.016831709584589283,0.0003427337396663404,0.0012908660402967897,-0.017525484064095456,-6.373364385196383e-05,-2.589903135299682,-0.2247467991709709,-1.1977542057037338,-0.12423672664195168,-2.5699613600582007,-0.20551636127763426,-1.194639348746729,-0.016111668417045616,13703311,0
0.8,-0.021047127351157654,-0.009604492274494654,0.0037939761268820428,-0.14949012883139276,-0.01565824357464811,-0.016210984126904915,-2.6146605823424425,-0.24582277648787884,-1.182701034637204,-0.08071139755912786,0.015597614066944016,-0.11678104558008143,-0.0655126569812532,-0.01768410012603681,-0.05946000966316246,0.2855076675421112,-0.058518889593350026,-0.1520058417659264,-0.02191044531653673,-0.006760474983581734,0.004883693322214859,-0.14972248636329774,-0.016914260851806303,-0.014897596049881931,0.0007060007766707324,0.0007217151432407764,-0.021309551227338623,-5.78575024697637e-05,-2.5886531352996824,-0.22349679917097087,-1.1987542057037337,-0.12423672664195168,-2.567606007948525,-0.21389230689647623,-1.2025481818306158,0.025253402189441082,14931874,0
0.8500000000000001,-0.019189158742319287,-0.012472308386168675,-0.005351338769757282,-0.07993906958109687,0.004973001720768126,-0.013717802282299938,-2.616104800287285,-0.24656015262066255,-1.1829775748260807,-0.08632186137000473,0.015861597278893545,-0.11776769041143642,-0.007933351887303734,0.014701972259769963,-0.01330592838262581,0.02868838509831867,0.058157774220672684,0.0031359984385275395,-0.020635078173018986,-0.010535677248194555,-0.003951223868828561,-0.08016266501727498,0.003771808981045196,-0.014097244322938532,0.0007248426870381486,0.0003623188829508741,-0.017304401552581426,-6.0176357814531796e-05,-2.5874031352996822,-0.2222467991709709,-1.1997542057037336,-0.12423672664195168,-2.568213976557363,-0.20977449078480223,-1.1944028669339763,-0.04429765706085481,13794462,0
0.9,-0.019547169683386833,-0.008905090878768623,-0.007069647146746244,-0.06042776618397129,0.014901611415914727,-0.008757605472507327,-2.6168586858184653,-0.2468306878246525,-1.1832160469289041,-0.08820657754795061,0.016510109850172795,-0.11802689543723689,0.023250289238314032,0.03700677720943885,0.007133559514109175,0.3252531949892441,-0.022570888758460722,0.024999047304289944,-0.020628983917708715,-0.007113615907395825,-0.005934129103305977,-0.06059348124523108,0.01407220164370013,-0.010037643089071362,0.0008313487015997043,1.7621132146513543e-05,-0.016782583089418622,-7.028976141193069e-05,-2.586153135299682,-0.22099679917097087,-1.2007542057037335,-0.12423672664195168,-2.5666059656162954,-0.21209170829220225,-1.1936845585569873,-0.06380896045798039,15014642,0
0.9500000000000001,-0.020817892726449436,-0.009309217460778214,-0.010340262439396937,-0.01217988644187442,0.025695717138543635,-0.01786538151436873,-2.6182215157061197,-0.24727288813275144,-1.1838381779117189,-0.08866858036455103,0.01827078081446746,-0.11933417814617323,-0.010816927879449033,-0.006107739638807887,-0.00985448782044866,0.13116223534790286,0.02455764360400372,-0.060868218294959836,-0.02205119763929481,-0.007617254413381776,-0.009093367500117447,-0.012546633079215828,0.02401274882733504,-0.02007396654299578,0.0008367565113293749,0.00018438098762375198,-0.015496860861997992,-5.3520604382691764e-05,-2.5849031352996823,-0.2197467991709709,-1.2017542057037334,-0.12423672664195168,-2.564085242573233,-0.2104375817101927,-1.1914139432643365,-0.11205684020007725,13481431,0
1.0,-0.021426577435238677,-0.003692521876274839,-0.014886765621293152,0.018349726111168696,0.046943907457703084,-0.015240337840658796,-2.6190828347700403,-0.24732955098490061,-1.1844022332215878,-0.0879035344156563,0.020122961566895047,-0.1200407937895962,0.022689058259482812,0.028782692714511678,-0.0069860048103880445,0.22432868376475407,-0.03183081997497167,0.002446107838709614,-0.022154834335527503,-0.002348982104877249,-0.014071045721433117,0.017961245829361993,0.04542470075437671,-0.01930662640648253,0.000831069079144561,-0.0002466668121759972,-0.01333553399618175,-5.9839250283037955e-05,-2.583653135299682,-0.2184967991709709,-1.2027542057037333,-0.12423672664195168,-2.5622265578644434,-0.21480427729469606,-1.18786744008244,-0.14258645275312037,14589170,0
1.05,-0.03574730484558248,-0.00854994082082699,-0.023882852380944942,0.10554838754123871,0.016560561708027628,-0.05480214596271667,-2.6213168837315566,-0.24768541865880117,-1.1857435826240341,-0.08164067445623871,0.020845135224081685,-0.12339971464133778,-0.055128014477041236,-0.024951875138356994,-0.033956105987616746,0.32304137551231565,-0.16411467808143548,-0.1266945531478594,-0.037234332823976396,-0.005931157123035713,-0.022355933528883827,0.10438151364446474,0.012036286926382117,-0.0559822900381993,0.0007747862271806462,0.0010492223047821768,-0.009397402781451441,2.604640990291201e-05,-2.5824031352996824,-0.2172467991709709,-1.2037542057037331,-0.12423672664195168,-2.5466558304541,-0.2086968583501439,-1.1798713533227883,-0.2297851141831904,14803400,0
1.1,-0.009487947324988677,0.008713370836511431,-0.009123124720774423,0.019162557799644687,0.08612276937688541,0.016862823523268712,-2.6217510945306794,-0.24723124577557448,-1.1862212756086172,-0.08067005760099455,0.025205436888323305,-0.12290613301739242,0.07322383732979507,0.060007932558816784,0.030038448295264936,-0.25476457415654197,0.2861277471279613,0.14139839238675145,-0.008683768782145503,0.009082989904967597,-0.009553367708385618,0.01941133745180857,0.08720154254377276,0.009871124131679055,0.0010861896654391994,-0.0004153621313988068,-0.01566067577425769,-0.0001343957556587034,-2.581153135299682,-0.2159967991709709,-1.204754205703733,-0.12423672664195168,-2.5716651879746935,-0.22471017000748233,-1.1956310809829587,-0.14339928444159636,13089610,0
1.1500000000000001,-0.02582908150765498,0.0018115254330149737,-0.022150073446755226,0.11716833510503084,0.0605138528979094,-0.029709155019778527,-2.6231109085876065,-0.24707449593394037,-1.1873182063325594,-0.07453524625490007,0.028052166191555705,-0.12469930513928207,-0.05533502397093078,-0.03230989989374651,-0.030570859809285186,0.3093415661219773,-0.043351892747591776,-0.15209888491696744,-0.026217398116917808,0.003444635097205862,-0.02149026185616005,0.11621058184684917,0.05813350883646613,-0.0341463427939673,0.0007033507957412709,0.0008505678229121133,-0.009831776261948654,-3.2650610103418504e-05,-2.5799031352996824,-0.2147467991709709,-1.205754205703733,-0.12423672664195168,-2.5540740537920272,-0.21655832460398586,-1.1836041322569777,-0.2414050617469825,9246987,0
1.2000000000000002,-0.019742947462118916,0.008052796303656807,-0.024219375397729764,0.12557499996814486,0.06352692991976396,-0.013742120096587106,-2.6240880415273873,-0.24662950828331054,-1.1885224556267469,-0.06828463771151867,0.031174224934986252,-0.12560197472859677,0.08682926642667974,0.08244573510986074,0.011552067095564486,-0.2795327364965048,0.11407472157867424,0.23172652238732855,-0.01954267743296444,0.008899761500070677,-0.024085008853004318,0.1250122900886383,0.062441234417212485,-0.01805340900336655,0.0006897245677678267,0.0008109002601933848,-0.008336760442746312,-7.139285418664408e-05,-2.578653135299682,-0.2134967991709709,-1.2067542057037328,-0.12423672664195168,-2.5589101878375633,-0.2215495954746277,-1.182534830306003,-0.24981172661009654,9294084,0
1.25,-0.022161950015744863,0.004604616829900784,-0.02281797662616833,0.13957126937890213,0.057498512856651814,-0.025316416486591775,-2.625205471821904,-0.24632559017353273,-1.1896373404467182,-0.06135305276081762,0.03396691091756793,-0.1270429235633797,-0.00921277572932842,-0.013069403297997089,0.0019050909628925041,0.0925465462703253,-0.04075696546833891,-0.009435617062543526,-0.022342341539049897,0.0060766584205550565,-0.022291446318157247,0.1385928403189395,0.055838063761411094,-0.028810898688709764,0.0006323496014758879,0.0018370498937096875,-0.009252013357297292,-4.121123168347843e-05,-2.5774031352996825,-0.2122467991709709,-1.2077542057037327,-0.12423672664195168,-2.5552411852839376,-0.21685141600087168,-1.1849362290775645,-0.2638079960208538,9713858,0
1.3,-0.024838409735624387,0.006551886502310024,-0.02844622144117632,0.15291548508201108,0.040632639700760656,-0.037854182241735444,-2.6264548213676027,-0.24591077803357753,-1.191029305495756,-0.05378127690851802,0.035893299858283934,-0.1290428118802825,0.037847692874168726,0.03188123835079143,0.006746018199302963,-0.1557930315296111,0.06298409092239567,0.07644767277882825,-0.024994284854675263,0.00829866455141642,-0.027847427537939066,0.15147972251616296,0.038539025440015015,-0.040009442067113564,0.0005450469455576607,0.002451174160725543,-0.006284683032407797,-5.431936166874065e-06,-2.5761531352996823,-0.2109967991709709,-1.2087542057037326,-0.12423672664195168,-2.551314725564058,-0.21754868567328092,-1.1803079842625563,-0.27715221172396276,13446148,0
1.35,-0.017276512335647583,0.005575594010306715,-0.02376671016729203,0.13380821050789168,0.05364899561064405,-0.023042087907628406,-2.6273778543951414,-0.2456572282324647,-1.1921876450274658,-0.04686277137738948,0.038308552417791776,-0.1304822660392882,-0.04396202118101093,-0.04353548936162908,-0.02400713993078282,0.1830104731604687,-0.05101948372683563,-0.15078370357714774,-0.01744872250525484,0.006784069961184131,-0.023322523811199893,0.1328297140169049,0.05251067568558621,-0.025548756126274285,0.0006427286240630963,0.0029561187952210155,-0.008454398177240108,-2.367822354584988e-05,-2.574903135299682,-0.2097467991709709,-1.2097542057037325,-0.12423672664195168,-2.5576266229640345,-0.2153223931812776,-1.1859874955364405,-0.25804493714984333,9307152,0
1.4000000000000001,-0.022110713632486706,0.0028884245475140533,-0.025391778240250202,0.12982962586270497,0.024213635199197406,-0.04215990482958509,-2.6285103265379446,-0.24541235363742364,-1.1934174552755696,-0.04045635822670504,0.03943297855832653,-0.13263916723304447,-0.0722586753041119,-0.048245244239226145,-0.011209776376961158,0.04512309792324626,-0.2461461443998986,-0.23652707859914124,-0.02264957245795737,0.004897519924654803,-0.024596345703496423,0.12812899617368576,0.022488651491791134,-0.04313827071429056,0.0006535788337258907,0.003794078473064557,-0.007776489956314768,2.7681454498842e-05,-2.5736531352996823,-0.2084967991709709,-1.2107542057037324,-0.12423672664195168,-2.551542421667196,-0.21138522371848495,-1.1853624274634822,-0.25406635250465665,9225965,0
1.4500000000000002,-0.01784882649009956,0.0010544601908152537,-0.02799919386969492,0.12431812250660376,0.017445137420418547,-0.033008349494837975,-2.6292643576981494,-0.24522373442411133,-1.19478283763201,-0.034631926665603566,0.040475640171554784,-0.13382577008229746,0.01008935891545406,0.001598867070488066,-0.012336660943573228,-0.060036446017659596,0.012691811277139203,0.018350677610535708,-0.018787127789307363,0.0026144361368323293,-0.02727372185520553,0.12295769772757988,0.016291762631570023,-0.03362013060543665,0.00064445988034156,0.004486727973877984,-0.006323949822557045,1.9973443660805102e-05,-2.572403135299682,-0.20724679917097089,-1.2117542057037323,-0.12423672664195168,-2.5545543088095823,-0.20830125936178615,-1.1837550118340374,-0.24855484914855544,9639806,0
1.5,-0.012888741997790443,0.0011676471967206092,-0.02485181432786824,0.08117681957515238,0.018930215643286872,-0.02224309007296919,-2.629950671405911,-0.2451100382037548,-1.1959989434306806,-0.030620189834780587,0.041387687777397035,-0.13496739567508312,0.002382275081251726,-0.012757125833498908,0.011962092431295595,-0.11992430378272062,-0.09802702796108295,0.002840122846977989,-0.013725829096227065,0.0022738506776890186,-0.024321327356153763,0.08023213509535547,0.018240360674486103,-0.022831771537193377,0.0008153674606326254,0.00452752980626369,-0.007606935405526193,9.091659895985062e-06,-2.5711531352996824,-0.20599679917097088,-1.2127542057037322,-0.12423672664195168,-2.558264393301892,-0.2071644463676915,-1.187902391375864,-0.20541354621710406,12094423,0
1.55,-0.02369779321986198,-0.012112784074275648,-0.033181681177070016,0.1251301216501541,-0.03744670397304997,-0.05424343246772423,-2.6312761321470113,-0.24557858552875822,-1.1975945026923174,-0.024469662184687494,0.03944979592755848,-0.13763468677997512,-0.006477766648995816,-0.013565981767444625,-0.002525972419979102,-0.10534609716163101,-0.061782050793784286,-0.02158184664331112,-0.026512527067420744,-0.009372117371207704,-0.03191517243784959,0.12302592279469148,-0.038762679670107936,-0.05335248749535233,0.0007423614496745448,0.006915246176285342,-0.004056148525711444,8.11091478485634e-05,-2.569903135299682,-0.20474679917097088,-1.213754205703732,-0.12423672664195168,-2.54620534207982,-0.19263401509669523,-1.180572524526662,-0.24936684829210579,10497394,0
1.6,0.0008756440869340141,0.003049256387466894,-0.016810902862249708,-0.026735298293356358,0.017252481189703187,0.002074950519128576,-2.631248576527831,-0.24545042653934768,-1.1984397875269983,-0.02580315283879444,0.04031481697495385,-0.13755316280036467,0.026514892605912842,0.009551534259826777,0.002296313830538761,-0.21333415055795202,-0.006414713574402317,0.06079295675887729,0.000551107653409459,0.002563157788451091,-0.016905551592105522,-0.026669584175261794,0.017300272458477862,0.0016304655978104869,0.0014172201058129566,0.004436475258078065,-0.010988474498604494,-1.9986490249614157e-05,-2.5686531352996824,-0.20349679917097088,-1.214754205703732,-0.12423672664195168,-2.5695287793866166,-0.20654605555843777,-1.1979433028414823,-0.09750142834859532,9327925,0
1.6500000000000001,-0.014376429557754757,-0.01052041102130479,-0.02467264992807251,0.008397507999684225,-0.03543712814026719,-0.03467242617618773,-2.632083758958279,-0.24589606779207124,-1.199631074645719,-0.025448292520369037,0.038499405755774936,-0.13924240315896394,-0.016700364195268203,-0.02725669364922802,0.0024811909818966468,-0.012034396833929878,-0.12492719582173013,-0.03846275630646316,-0.016703505241624523,-0.008912748555736743,-0.023825537878182874,0.007097145453220006,-0.03630791275026343,-0.03378451719714831,0.0013290112815172422,0.005938405111994305,-0.007577012068519371,5.317558534116767e-05,-2.5674031352996822,-0.20224679917097088,-1.2157542057037318,-0.12423672664195168,-2.5530267057419276,-0.19172638814966608,-1.1910815557756593,-0.1326342346416359,14837645,0
1.7000000000000002,-7.431854542806445e-05,-0.006585881728037547,-0.01915911027657719,-0.060212377638531114,-0.0212778469729123,-0.004414898321954805,-2.632172079411897,-0.2462434617129709,-1.2005781271060068,-0.02846495840289411,0.03743004533357466,-0.1394328442132283,0.03487362531968655,-0.00417335704106049,0.016221101124883692,-0.2451065122481183,0.10838113022929909,0.08088305493315906,-0.0017670427012528981,-0.0069503706926404415,-0.018947843552731082,-0.06035495982512135,-0.02139488025317828,-0.0038101873481454266,0.001699170457625131,0.005204859511181895,-0.009832427981845238,-2.80533218669284e-06,-2.5661531352996825,-0.20099679917097088,-1.2167542057037317,-0.12423672664195168,-2.5660788167542545,-0.19441091744293335,-1.1975950954271546,-0.06402434900342056,10254864,0
1.75,-0.010502254037550372,-0.016700347216824507,-0.027182906955562056,-0.03454644966589496,-0.04913971050029487,-0.024226299769788035,-2.632946083793416,-0.24708566298279427,-1.2019643610932227,-0.029913403996420174,0.03459327239339061,-0.14072858200545826,0.009680515025394394,-0.01038762286010594,0.0035560866694130627,-0.22551301405602886,-0.013933729627378095,0.014449519470653946,-0.013761005975053807,-0.015731224774901763,-0.026292064377346554,-0.035333613434316166,-0.04984230976492158,-0.02275936142962584,0.0017193538683768928,0.006148775442553426,-0.006054870213430395,3.5839392158949804e-05,-2.5649031352996823,-0.19974679917097088,-1.2177542057037316,-0.12423672664195168,-2.554400881262132,-0.18304645195414637,-1.1905712987481696,-0.08969027697605672,10279662,0
1.8,0.008964609930955323,-0.01481730744929776,-0.017867151822153635,-0.11477621159601098,-0.02274392448520771,0.01423479590138777,-2.632638882443243,-0.24790895069171356,-1.2028454606387724,-0.03562819966994505,0.033481923731716205,-0.13997621109919997,0.05224519341610255,-0.09664117499558238,-0.08325514042935384,0.6031810303424396,0.05775819712499672,0.12297913616128087,0.006142773347558131,-0.016462394429156528,-0.01761839523783285,-0.11427259199958087,-0.02222243793826989,0.015044347779835729,0.002086659195349667,0.005607478343614981,-0.010066276965291953,-3.95811793212622e-05,-2.563653135299682,-0.19849679917097088,-1.2187542057037315,-0.12423672664195168,-2.5726177452306374,-0.1836794917216731,-1.200887053881578,-0.009460515045940698,12447853,0
1.85,0.004632664918840964,-0.013383757855831438,-0.01903368472840563,-0.12066565488204813,-0.027953238527138463,0.007277185121629341,-2.632647651784433,-0.24834182745995415,-1.2034099574631103,-0.04136057225608358,0.03217472702819094,-0.13996869473314924,-0.13988627981830007,0.01828317451780812,0.056218639882139286,-0.1414306266909621,-0.23501457902991413,-0.3180614369584119,0.002021423641788968,-0.014583970374750236,-0.01860347729600451,-0.12039443149371608,-0.02762842944401662,0.008431157455114639,0.0022615116977548985,0.005111025895266042,-0.009828865055496863,-3.108516263361848e-05,-2.5624031352996823,-0.19724679917097088,-1.2197542057037314,-0.12423672664195168,-2.567035800218523,-0.18386304131513945,-1.2007205209753258,-0.003571071759903552,12236901,0
1.9000000000000001,0.0014917260748473365,-0.019367185237065158,-0.022039817258972267,-0.13199076362381099,-0.04198664178627735,-0.004046435152927799,-2.6327476482107217,-0.2493580802356688,-1.2044662031511526,-0.04796431986348268,0.030067739146304673,-0.1400701930521476,0.14204120945753654,-0.14630705397321897,-0.14296067167452525,0.4633147064294254,0.24827794575704648,0.2645688250073311,-0.001999577647737522,-0.020321489579079473,-0.021121207494272164,-0.13205178021999533,-0.04213236441582016,-0.002029610231931525,0.002374232633846634,0.005168414146972201,-0.008402772316663145,-1.3850172370974388e-05,-2.561153135299682,-0.19599679917097088,-1.2207542057037313,-0.12423672664195168,-2.5626448613745296,-0.17662961393390572,-1.198714388444759,0.007754036981859308,10149694,0
1.9500000000000002,-0.006191133818403989,-0.015320810560708699,-0.0201743036509513,-0.14084675903544616,-0.06028748193237457,-0.019978204925956068,-2.6332841281080888,-0.2502778129792217,-1.2056126227773172,-0.05644094984690705,0.026388795125988636,-0.1410632254012779,-0.0050815519720548916,0.1319486956022087,0.09572596819337706,-0.8439017880603032,-0.019176008584476222,0.03273478965782818,-0.00894173099399635,-0.015329563734973477,-0.019107847197465413,-0.1412834766398835,-0.061318472384680266,-0.016551278394284656,0.002847644377316765,0.0044130115646684705,-0.009398444725409459,1.9920227188211795e-05,-2.5599031352996824,-0.19474679917097087,-1.2217542057037312,-0.12423672664195168,-2.553712001481278,-0.17942598861026218,-1.2015799020527798,0.016610032393494484,10241341,0
2.0,0.004987046210357182,-0.02115980632323258,-0.025466948332512573,-0.12198010226365869,-0.03244309613968788,0.0015690465421092047,-2.6332263152476627,-0.251432868097479,-1.2068231627383665,-0.06253546777542653,0.024774723245248223,-0.14088349619405582,-0.10985873508130506,-0.12433490604574418,-0.07055597401019835,0.8287194673781949,-0.25777044678202854,-0.3487208686165805,0.0011562638247157588,-0.02310123455147059,-0.024210937757084324,-0.1218910560366068,-0.032281622331732915,0.003594604712934403,0.002836445672207962,0.004543109164091874,-0.006533442798716962,-1.5137196949383904e-05,-2.558653135299682,-0.19349679917097087,-1.222754205703731,-0.12423672664195168,-2.5636401815100394,-0.1723369928477383,-1.1972872573712185,-0.002256624378292993,10299369,0
2.0500000000000003,-0.0011250784454852221,-0.009499327771883309,-0.013882138879808275,-0.18065761691715018,-0.03054818559640892,-0.011089419665245674,-2.63343962836447,-0.25150763210740174,-1.2071808488146512,-0.06860608690122745,0.023599100084149893,-0.1413583159322451,-0.26414462212510764,-0.004581586441555862,-0.005224569646610164,0.2680294762033068,-0.5698864655624425,-0.6057980475584425,-0.002891147841092843,-0.010122269229029658,-0.013168057537861726,-0.18086932089715277,-0.031236526771077768,-0.008971682428590165,0.003355061007073477,0.003634000109555938,-0.012550733538941448,1.621193211747491e-05,-2.5574031352996824,-0.19224679917097087,-1.223754205703731,-0.12423672664195168,-2.556278056854197,-0.18274747139908756,-1.2098720668239227,0.056420890275198504,10726113,0
2.1,-0.0007226833452060344,-0.008965820914884334,-0.019036420140011598,-0.15109883178015276,-0.01965385178396231,-0.0028295710076494183,-2.633555585783186,-0.2521772640432755,-1.2083320244549618,-0.07726717312504448,0.022565356523899516,-0.14137529946935287,0.03649479377819167,-0.035929244257486566,-0.044836373344295126,0.17006960123672776,0.12138957221761916,0.06325734317968346,-0.0025904118898153836,-0.010144708237024146,-0.018266586125190776,-0.1511282629410194,-0.0198136275665507,-0.0013043737503265432,0.003407315196524971,0.002874323324438192,-0.009886428934770299,1.371873125236758e-06,-2.5561531352996822,-0.19099679917097087,-1.2247542057037308,-0.12423672664195168,-2.5554304519544764,-0.18203097825608655,-1.2057177855637193,0.026862105138201087,9484450,0
2.15,-0.0017267252648101783,-0.006893384595534593,-0.020763912170002913,-0.1291261682808571,-0.005854216752175741,-0.005415141973903177,-2.633775600646531,-0.2526459432826077,-1.2094598611431948,-0.08463514220426557,0.022139364250809392,-0.14165429335384305,-0.0031470344410516205,0.020976742339747875,-0.006692040556138416,0.06941808780776765,0.057244274499670726,0.05510074091781381,-0.0033672104619634447,-0.008231027092863755,-0.020063710190965908,-0.12923468832991222,-0.006291026425111299,-0.004902079099584313,0.0035052776413199344,0.0023014934900956064,-0.008921889251496657,8.55237774920767e-06,-2.554903135299682,-0.18974679917097087,-1.2257542057037307,-0.12423672664195168,-2.553176410034872,-0.18285341457543627,-1.2049902935337278,0.004889441638905423,9834762,0
2.2,-0.006137552191598085,-0.011129197270664502,-0.03677318768823169,-0.03042642383003478,-0.030271008137606675,-0.013310479928629708,-2.634216635085261,-0.2533027073309184,-1.2112371254063226,-0.08616743264039955,0.02057414776605669,-0.14218720557348802,0.01298957220915118,0.032108323001614904,-0.057220318597287066,0.07170803329758066,0.04206193587379829,-0.013386004360177334,-0.00882065512647108,-0.01313523085928517,-0.0355451496685696,-0.03064569181864285,-0.03130421027896867,-0.010658203735078663,0.003449116407465075,0.002446551160979608,-0.0009323593498158631,2.6310272378398672e-05,-2.5536531352996823,-0.1884967991709709,-1.2267542057037306,-0.12423672664195168,-2.5475155831080842,-0.1773676019003064,-1.1899810180154988,-0.09381030281191689,10356033,0
2.25,0.002702684556969944,0.002331484329146636,-0.023491189950936932,-0.07103127185325768,0.02782242366209347,0.011732760339777472,-2.634200029490513,-0.25337461796090793,-1.2124620357352078,-0.0889374611286346,0.02177226745704551,-0.14191218495803706,-0.1540110784260801,-0.06689693037402514,-0.09696670167825837,0.8298803836034147,-0.3667061086415637,-0.40057637874074536,0.0021994915903012506,-7.607687104739439e-05,-0.023658672349826104,-0.0708306044829277,0.028754567094833768,0.009217378271823937,0.0037304416973888855,0.0014894945413194223,-0.006705457358128899,-1.7529038611668958e-05,-2.552403135299682,-0.18724679917097087,-1.2277542057037305,-0.12423672664195168,-2.555105819856652,-0.18957828350011752,-1.2042630157527936,-0.053205454788694,10486420,0
2.3000000000000003,-0.00667122817640904,-5.122524036125848e-06,-0.029538111856135002,-0.02015886019674892,0.017474625813288767,-0.012746378181018269,-2.6345816242935167,-0.25345402857318566,-1.2139239974153488,-0.08996078652561723,0.022584630834002868,-0.14262509667219397,-0.04973608697899281,-0.005056031378612296,-0.03327509602682616,0.21564078417350305,-0.019250812160878792,-0.1377439603583953,-0.007637329569766319,-0.0015893429693697172,-0.029260050403510884,-0.020481079019811634,0.01625883474144543,-0.014268385398085509,0.0036346235700417608,0.0017551453410027623,-0.003646794651575955,2.8847608092710216e-05,-2.5511531352996824,-0.1859967991709709,-1.2287542057037304,-0.12423672664195168,-2.544481907123273,-0.18599167664693478,-1.1992160938475953,-0.10407786644520275,9277658,0
2.35,-0.008139700010622999,0.0026132640552524664,-0.028625792529290636,0.018324126860767443,0.02447602177024457,-0.02002394752924917,-2.6350465723002707,-0.2533880087027481,-1.215372244930803,-0.08875879296666206,0.023655996668729747,-0.14379163742742682,-0.05754415318903352,-0.016130993360832867,-0.025003649899857847,0.37167278555744504,-0.1719593633692012,-0.13969009957174675,-0.008716959120953322,0.0013283407482812181,-0.028544176249376798,0.017800883167544763,0.02260470379151112,-0.02212092373324745,0.003679385862243614,0.002055964135831196,-0.003745643804178455,4.578418900984615e-05,-2.549903135299682,-0.18474679917097087,-1.2297542057037303,-0.12423672664195168,-2.541763435289059,-0.18736006322622334,-1.2011284131744397,-0.14256085350271913,9226255,0
2.4000000000000004,-0.002506076782559935,0.007516085941192247,-0.036777462461025,0.07134257369279313,0.03766561603213828,0.0026023527716089044,-2.6351865192054453,-0.2531473389911516,-1.217233892422728,-0.08519000063012275,0.025544813379010045,-0.14382226533545722,0.09138500167991231,0.07547466435515275,-0.018887239068538866,-0.0046330638861378955,0.2658855878911322,0.29491049039221634,-0.002797020209576247,0.004810095988391929,-0.03720743700279898,0.0713269384315954,0.037750449030994594,-0.0006121384222909891,0.0035280196610818614,0.002009022625528444,0.0009732779017022683,-1.1074604200790702e-05,-2.5486531352996824,-0.1834967991709709,-1.2307542057037302,-0.12423672664195168,-2.5461470585171226,-0.19101288511216313,-1.193976743242705,-0.1955793003347448,15134358,0
2.45,0.0005565846904691554,0.012218605681687963,-0.03223731427897216,0.06520142668119504,0.048412119695046496,0.014056942738737237,-2.635275735538658,-0.25287012033606493,-1.2182246648230441,-0.08293354026110517,0.027131776030443606,-0.14399022372102083,0.0005083950280476247,0.015076679120880036,0.013270171952210662,0.03355228323332511,0.0218458391419975,0.03642594776731534,0.0010249876988564258,0.009456907156323179,-0.03314158792962915,0.06547276330662455,0.049410182599451145,0.010001922394262067,0.0036279447056666407,0.0018847820386745824,-0.0010043183931411138,-3.985936273712945e-05,-2.547403135299682,-0.18224679917097086,-1.23175420570373,-0.12423672664195168,-2.5479597199901516,-0.19446540485265884,-1.1995168914247578,-0.18943815332314673,10482666,0
2.5,-0.006217993663387993,0.012009358365802627,-0.028989162166612067,0.08258360069154219,0.052947335666588276,-0.01016881710800562,-2.6356896464408033,-0.25211467411777233,-1.2202720333063564,-0.07709692355142438,0.03077195648791719,-0.14509623325567628,0.0017907206657646496,0.007269605655771174,0.0007542880454660584,0.029522412532028537,0.024930089517715387,0.01270594310973174,-0.005649403201112617,0.010669875870315709,-0.029622586805707105,0.08214598858577826,0.0520068477305418,-0.014223378257424956,0.003450924909684818,0.002668529798195072,-0.002130682130637634,5.876670732078823e-06,-2.5461531352996825,-0.1809967991709709,-1.23275420570373,-0.12423672664195168,-2.5399351416362945,-0.19300615753677353,-1.2037650435371179,-0.20682032733349387,10689055,0
2.5500000000000003,-0.016918106159987158,0.004744893903480149,-0.0488873811378125,0.19963667568755686,0.013748818919761393,-0.04011829758092165,-2.6365700605815134,-0.2520261336618657,-1.2223914664387985,-0.0682002886263439,0.030706230805281856,-0.14706885966898242,-0.029226080159435647,0.004198283855860114,-0.01700835859799997,0.10938023956314308,-0.16986476838815265,-0.031614462608872344,-0.01801316700977723,0.0040860597438635935,-0.04855452912712752,0.1983784922234407,0.010982897590151862,-0.0409812982790124,0.0030386191029053143,0.005406794359884114,0.007475555239878797,6.952591116860856e-05,-2.5449031352996823,-0.1797467991709709,-1.2337542057037298,-0.12423672664195168,-2.5279850291396952,-0.18449169307445104,-1.1848668245659173,-0.32387340232950856,9298684,0
2.6,0.0050567127676611175,0.017431101321102732,-0.026900383981836605,0.10181478356637848,0.07299551073348139,0.012901917933179751,-2.6361905416736238,-0.2511283361246275,-1.2240766527602476,-0.06207463284037357,0.03512494681150641,-0.14656769018002516,0.032401672169536266,-0.002275327852892649,0.030398405557661625,-0.030573890032786676,0.1344306535116471,0.042568859730643116,0.00632617585539256,0.014965328433013007,-0.02809026058245328,0.10210815568355376,0.07365528812741098,0.008353961435361447,0.0034025307245054387,0.0036217765231179927,-0.0019274899929163935,-4.386793754294428e-05,-2.543653135299682,-0.1784967991709709,-1.2347542057037297,-0.12423672664195168,-2.548709848067343,-0.19592790049207362,-1.207853821721893,-0.22605151020833014,13449322,0
2.6500000000000004,-0.003207871161179337,0.014761395536254775,-0.030139125389577706,0.13151796561516996,0.06746819896793219,-0.01584184023965432,-2.6362835167224405,-0.2505865489330862,-1.2253032076043913,-0.05683841582371714,0.03769086443743868,-0.1474068603725474,0.005174838582231428,-0.014603820985540823,-0.004088413154325085,0.06874638462191485,-0.050503138086794824,-0.04309174115970254,-0.0024105648653440165,0.013526155827397513,-0.030786172226766113,0.1307770277242432,0.06645930637515216,-0.01966294380928475,0.0031240170534395477,0.004614796742192132,-0.0004565954314734205,2.2914915782151353e-05,-2.5424031352996823,-0.1772467991709709,-1.2357542057037296,-0.12423672664195168,-2.539195264138503,-0.19200819470722566,-1.2056150803141519,-0.25575469225712166,9812558,0
2.7,-0.0012510962261731843,0.01320790945523585,-0.03157009222452648,0.13388580690590204,0.049105217643794996,-0.009566143743493101,-2.636332042501772,-0.24987252199228357,-1.2272291533033917,-0.04883460051812212,0.040605574321186534,-0.14812454336705336,0.01639798327855932,0.02092780259202691,0.005795112331108468,-0.10086371104494286,0.06070750822663171,0.07889811052241018,-0.0008087830430672792,0.011900744098660635,-0.03209989091721967,0.13340022948960634,0.04857970262204616,-0.01196167983798369,0.0029289381334238426,0.0054433273253864265,0.0006101638652935215,7.340572673248465e-06,-2.541153135299682,-0.17599679917097089,-1.2367542057037295,-0.12423672664195168,-2.539902039073509,-0.18920470862620672,-1.205184113479203,-0.25812253354785375,10488894,0
2.75,-0.00821190427786554,0.004682631382703253,-0.04359785336012428,0.18803665136228273,0.010595025904043803,-0.030585481358713605,-2.6368462598449387,-0.24982593013160392,-1.2290916007608408,-0.04053469959297151,0.04039568187032512,-0.1496930822092252,-0.032870213183684105,-0.026436439873233006,-0.018578111242830497,0.03241982214593184,-0.11662190100246046,-0.10637219323587474,-0.009426302503373354,0.004366664217741822,-0.04338447061876397,0.1867841196657504,0.009346889131589606,-0.03101500835183132,0.0026093828261257762,0.007826884741541348,0.006288862043475041,6.232350064637662e-05,-2.5399031352996824,-0.17474679917097088,-1.2377542057037294,-0.12423672664195168,-2.5316912310218167,-0.17942943055367414,-1.1941563523436052,-0.3122733780042344,10146688,0
2.8000000000000003,0.0005187413511125854,0.011689492743157592,-0.0283240580676528,0.09775356901551548,0.028384594264399564,-0.009186405899196766,-2.6367910401846353,-0.24918504423612903,-1.2308139558890754,-0.03469577440296769,0.042078437142679656,-0.15030348922923753,0.023146488352954863,0.02531201935328461,0.0106799958055099,-0.16470352724988,0.00782560623572009,0.08084984383777892,0.0009204236428167664,0.010682545443083311,-0.028708912236022798,0.09732556781384634,0.028048845813957363,-0.010174511213461745,0.003065581296950901,0.006584338229924934,-0.0003273664944749079,3.222558990397078e-05,-2.538653135299682,-0.17349679917097088,-1.2387542057037293,-0.12423672664195168,-2.5391718766507947,-0.18518629191412847,-1.2104301476360766,-0.22199029565746714,9463356,0
2.85,0.01272950665473192,0.016711193502167224,-0.0223453994893233,0.038309223804889,0.03718869194702511,0.018816323496967966,-2.636093146205672,-0.24848261286682005,-1.2319847925301104,-0.03274171639594044,0.04396758169893748,-0.14942323958369788,0.030186223218906846,-0.013698369861836911,0.010266754378687012,-0.13065457545153922,0.05772629350292678,0.025948924705005594,0.0139585584871243,0.01404931070798557,-0.02341787180486737,0.03908306103863258,0.037784728875756075,0.017605849213349862,0.003215191340039801,0.005950358861227485,-0.0029125957671399345,-3.18914576664651e-05,-2.5374031352996824,-0.17224679917097088,-1.2397542057037292,-0.12423672664195168,-2.550132641954414,-0.18895799267313812,-1.217408806214406,-0.16254595044684067,9734356,0
2.9000000000000004,0.005042801388508738,0.001181974049363155,-0.031174136634595374,0.07968034432697807,0.002458848466283987,-0.005327194160276621,-2.635909909218986,-0.24849585049706668,-1.2335541789415103,-0.028769527840932348,0.04408281334887348,-0.1496932928182751,0.1310803707867042,0.04251034214379261,0.08552200800214145,-0.49104607124942135,0.11057402820511186,0.3726807408491096,0.003664673330521229,-0.00026474780775213175,-0.031387159498568705,0.07944233162004706,0.0023045912399598536,-0.005400966827040634,0.002812110460198941,0.008073329832486417,0.001196572021824599,2.535303440975227e-05,-2.5361531352996822,-0.17099679917097088,-1.240754205703729,-0.12423672664195168,-2.541195936688191,-0.17217877322033404,-1.2095800690691336,-0.20391707096892975,12528430,0
2.95,0.01862416429331456,0.009265959158198517,-0.01789043417356973,-0.013268500183730665,0.02259162255608021,0.027502592855670013,-2.6353880512606147,-0.24834552284491257,-1.2344205877753027,-0.0286711950593692,0.04463664048672872,-0.1492402936917036,0.03588594763141375,0.027251461725584746,0.0618785059259284,-0.40863145142875407,0.11545526625786778,0.06213779855904731,0.018898876574094916,0.006006026508325591,-0.01896167818213948,-0.012069493434899124,0.023370761787537882,0.026870413732487376,0.003316359321739617,0.006967127909763876,-0.0049708904775971315,-4.357166449297134e-05,-2.5349031352996825,-0.16974679917097088,-1.241754205703729,-0.12423672664195168,-2.553527299592997,-0.1790127583291694,-1.2238637715301592,-0.11096822645822102,10924976,0
3.0,0.013366146816163209,0.003844550655367593,-0.016159601583685488,-0.042212888970012935,0.014720450573432693,0.008496021237742886,-2.6346100671618555,-0.24825955782577078,-1.2354323161918739,-0.031181854197133478,0.04553527647437436,-0.14875784551899524,0.0016569702020749458,-0.003532276007024801,0.003909886832971986,-0.20207437515886564,-0.0369074150099823,0.049129876695340316,0.012967186917029324,0.0014328370892355343,-0.01686316148089979,-0.04184685313782327,0.014978173513771738,0.008041289845469235,0.003250970414197326,0.007256315345357876,-0.005948589711909468,-1.0528244748926866e-05,-2.5336531352996823,-0.16849679917097088,-1.2427542057037289,-0.12423672664195168,-2.5470192821158455,-0.17234134982633847,-1.2265946041200433,-0.08202383767193874,9203754,0
3.0500000000000003,0.012420144428925514,-5.371854381666837e-05,-0.016264643254037505,-0.06677897030417093,-0.015146414187608039,0.010612274053601984,-2.6341951309917953,-0.24839717581291376,-1.23610983733292,-0.03361758039207737,0.04465135385671173,-0.1484858693303511,-0.024900556151639885,-0.007711382412790936,-0.017464329621932752,-0.023952265663292317,-0.11229627082964601,-0.036115360451545925,0.01146489163474045,-0.0023220400136778367,-0.016791839788330654,-0.06628232397651553,-0.014781164414502765,0.011126457632936848,0.0033573948853200374,0.007403492611452121,-0.006121684065227208,-1.844104936128472e-05,-2.532403135299682,-0.16724679917097088,-1.2437542057037287,-0.12423672664195168,-2.5448232797286074,-0.1671930806271542,-1.2274895624496913,-0.05745775633778075,9826622,0
3.1,0.017596523958523357,-0.006357624155399248,-0.019705553724985437,-0.055127979906592156,-0.040125058336529504,0.014843493196058901,-2.633263017057066,-0.24896511754771705,-1.2373208314210058,-0.03688372027035182,0.04227842587154238,-0.1475062523544407,0.04026607157907015,0.005546231013829277,0.0328006179054858,-0.21658724029688184,0.04500725776280815,0.041974669824220254,0.015535864401430174,-0.00946608075586684,-0.020184056092774617,-0.054437879720903914,-0.039550409063087044,0.016327613970819877,0.003410204837840865,0.007849475627522605,-0.004240109921419007,-2.9832373169389336e-05,-2.5311531352996823,-0.16599679917097088,-1.2447542057037286,-0.12423672664195168,-2.5487496592582057,-0.15963917501557162,-1.2250486519787431,-0.06910874673535952,11108399,0
3.1500000000000004,0.01773345781956928,-0.0011156599289629933,-0.009496887943533842,-0.1336363486731197,-0.017259330450608183,0.011286727708866852,-2.632686110330702,-0.24911294412665747,-1.2377500897220015,-0.042234691076013055,0.04142801416693993,-0.14713680200989548,-0.039613564422378775,-0.009958217994291968,0.03378890505495969,-0.18886518279473352,0.07138722714931439,-0.09807728316041812,0.016917793573394943,-0.004039549794731518,-0.010167664529844418,-0.1331387045348589,-0.01676738965545329,0.012015698223904301,0.003843790450381533,0.0072407965739185965,-0.009536935247912817,-2.8642627008984783e-05,-2.529903135299682,-0.16474679917097088,-1.2457542057037285,-0.12423672664195168,-2.5476365931192513,-0.1636311392420079,-1.2362573177601948,0.009399622031168009,11012893,0
3.2,0.020990288033041118,-0.0034837788331728574,-0.010995472671189721,-0.14198516296220715,-0.033136072934453066,0.021256373129218888,-2.6315016506281923,-0.24953158820319066,-1.238447544891868,-0.050698621016288484,0.039507229478909826,-0.14576136893563646,0.012143049842742934,0.008325989301988256,-0.015003447445617938,-0.03960441589886133,-0.014515001117666291,0.038470659250286005,0.019742975158565032,-0.006978101142455379,-0.011625418799566719,-0.1410796485525229,-0.03201628919952244,0.022926183946846895,0.003936733227137064,0.006878491652531746,-0.008857695942064779,-5.930404813758459e-05,-2.5286531352996824,-0.16349679917097087,-1.2467542057037284,-0.12423672664195168,-2.5496434233327236,-0.16001302033779802,-1.2357587330325388,0.017748436320255467,12299074,0
3.25,0.019294210659575817,-0.0067237598706987945,-0.011759380595078337,-0.13775577624940805,-0.048072250087344184,0.010534950835319605,-2.6306227331817493,-0.2500330900752832,-1.2390501356205776,-0.05755609697641856,0.03713984339123054,-0.14509731484752128,-0.03381201303564946,-0.021562526680667545,-0.005588868981102467,0.055122532698351795,-0.15456239982967476,-0.10353160376288055,0.017592794611538187,-0.010038280009951009,-0.012061718615224959,-0.1372622270821617,-0.04738663156057507,0.013291996000810564,0.004101422090122074,0.006807603341594415,-0.00872546634918203,-4.276639888542362e-05,-2.527403135299682,-0.16224679917097087,-1.2477542057037283,-0.12423672664195168,-2.546697345959258,-0.1555230393002721,-1.2359948251086499,0.013519049607456368,12260354,0
3.3000000000000003,0.011717416924967706,-0.017119423234431587,-0.023335209091336583,-0.05933082419291204,-0.0948857168219091,-0.008133469831885797,-2.630212800228364,-0.25102793159170134,-1.2401814507089335,-0.06052671477633491,0.03237928698456083,-0.1452163342567905,-0.07650478670515973,-0.08522512504806479,-0.1122761253984886,0.7793800993009227,-0.3305234025538294,-0.14147067386418036,0.008198041425048179,-0.019895331408703202,-0.022624597223830863,-0.059407880192534,-0.09520395544159135,-0.002380208859804027,0.004160357619136501,0.007463886730403885,-0.0034273528188554932,-1.6968172538835386e-06,-2.5261531352996824,-0.16099679917097087,-1.2487542057037282,-0.12423672664195168,-2.5378705522246503,-0.1438773759365393,-1.2254189966123916,-0.06490590244903964,10399323,0
3.35,0.01381647682127362,-0.01369932674718103,-0.018406179939746626,-0.08149608915507905,-0.07506368727639852,-0.004102026255548979,-2.629641658034068,-0.2514126051914319,-1.2405374456703009,-0.06411157071945597,0.03084424009289602,-0.1447864843756922,0.08307489927903397,0.037835263973993144,0.03574194206795085,-0.14037728759434456,0.12170886782402088,0.23091407996349173,0.01098901487084277,-0.016609722799039384,-0.017908453472051118,-0.08147401137431987,-0.07517228044059061,0.0007158964448625023,0.004454066978468067,0.007156476142295022,-0.006020466847942786,-1.6473355025034613e-06,-2.5249031352996822,-0.15974679917097087,-1.249754205703728,-0.12423672664195168,-2.5387196121209556,-0.14604747242378985,-1.2313480257639815,-0.042740637486872624,11086851,0
3.4000000000000004,0.03654459055297394,0.006391847877806354,0.004731747045693644,-0.2169064846713493,0.005001750806228395,0.048256891630947596,-2.627247225578933,-0.251358819134747,-1.240519799113348,-0.07832008396537378,0.030740240668907893,-0.1417292681046416,0.028875389007090576,0.010817409226846984,0.05086373247783005,-0.17112788907446544,0.18616521053110194,-0.007130412455955688,0.03724179812303155,0.0014968752580221346,0.0030919387295424957,-0.21543917116948305,0.008762039262236291,0.04774017991051579,0.005032558251791865,0.0060661187390331816,-0.01738383179312949,-0.00011236155635073408,-2.523653135299682,-0.15849679917097087,-1.250754205703728,-0.12423672664195168,-2.560197725852656,-0.16488864704877723,-1.2554859527494215,0.09266975802939761,11022918,0
3.45,0.020032755537444755,-0.004135538295627045,-0.016175187764695193,-0.07290272374701287,-0.05291491477886996,0.008150715474623595,-2.626316258799977,-0.25176606667942836,-1.2413367418176806,-0.08194749989773718,0.028136871784699473,-0.14110631696376696,0.007353795950889545,-0.02654174621728102,-0.04098218733316559,0.43904835854976393,-0.09907313568125889,-0.016024539733484278,0.01862033001202529,-0.008145385904165806,-0.016339726722202352,-0.07255219335241843,-0.052070158530647545,0.012459688236633615,0.004775221351851242,0.005392134019950283,-0.007377709516883584,-3.070692695633273e-05,-2.5224031352996823,-0.15724679917097087,-1.2517542057037279,-0.12423672664195168,-2.542435890837127,-0.15311126087534382,-1.2355790179390327,-0.05133400289493881,9820753,0
3.5,0.022001011495003563,0.0042731758108784535,-0.005821495616000848,-0.11173718749928176,-0.017137687296108015,0.008707270252438632,-2.6252681432236082,-0.25165222810062315,-1.2416542432567068,-0.08783933797982374,0.027364927133295053,-0.14062202743657912,-0.06057211091179814,-0.0058153877500082465,0.00758040287739351,0.050786501575930586,-0.02510130224283154,-0.195656438296833,0.02213345949016693,0.0006502161263133838,-0.006773591330106525,-0.11145862158755122,-0.01630775706584281,0.01018094001341806,0.005105687054602814,0.0049194288554740475,-0.012550838773886817,-2.4215096548588193e-05,-2.521153135299682,-0.15599679917097087,-1.2527542057037278,-0.12423672664195168,-2.5431541467946857,-0.16026997498184933,-1.246932710087727,-0.012499539142669921,9808331,0
3.5500000000000003,0.023622769076787266,0.0047977530031261765,-0.009001074977870834,-0.08782227428031836,-0.01953650537318222,0.015368149189801046,-2.6245594141967947,-0.2516340282123438,-1.2419867418279484,-0.08991999933522961,0.026923156086457165,-0.14004808898994647,0.045283192282881156,0.0022560645130103017,-0.04472042219345786,0.23979377715484979,-0.01091332699235756,0.05595089237676619,0.02368674411915973,0.0006701950334974127,-0.010028060387831871,-0.08736284300369718,-0.018077533869418197,0.017066601829723922,0.005133873872863599,0.00469900469012089,-0.011260094992603421,-3.7497745005044374e-05,-2.5199031352996824,-0.1547467991709709,-1.2537542057037276,-0.12423672664195168,-2.5435259043764695,-0.15954455217409708,-1.2447531307258568,-0.03641445236163332,10429855,0
3.6,0.017527860435928206,0.004510343880733469,-0.013206854544748091,-0.024352129193735694,-0.021017758416321263,0.0037134884413202508,-2.623462369997141,-0.2516022973653824,-1.2430223290677762,-0.0906751348697069,0.02534292793349342,-0.13990024611491783,-0.01380524045058485,-0.007557545793259924,-0.01702184548418381,0.1684196556177436,-0.04224874901372979,-0.02854143845906353,0.017470354184096783,0.0008682626907521492,-0.014000819437877211,-0.024210142655281798,-0.02059515396948149,0.005603209651718854,0.005157595111181069,0.004684828919888337,-0.009199917738716928,-7.105369250540171e-06,-2.518653135299682,-0.15349679917097087,-1.2547542057037275,-0.12423672664195168,-2.5361809957356103,-0.15800714305170432,-1.2415473511589794,-0.09988459744821598,11146519,0
3.6500000000000004,0.010633259754480576,0.0026849323326122816,-0.025778703611375322,0.07819899071733799,-0.03806986457143105,-0.020022949178855037,-2.622962838046779,-0.2516508160731946,-1.2443304931152732,-0.08678350507727012,0.023359249165721862,-0.14073310993448415,-0.015714138197356814,0.036005451521519384,-0.025530953718977994,0.31706397697125455,0.08444047102789466,-0.07530961421560402,0.0099877433907176,-0.0009700929098253438,-0.0261556979686565,0.07781003739673148,-0.039662076645466185,-0.01665244856352632,0.005094559538351102,0.005319887098587102,-0.003122174367295374,4.72316351048593e-05,-2.5174031352996824,-0.1522467991709709,-1.2557542057037274,-0.12423672664195168,-2.528036395054163,-0.15493173150358316,-1.2299755020923522,-0.20243571735928967,14576491,0
3.7,0.031972287881325716,0.022612474035559216,-0.004279163763367723,-0.021892535988914004,0.04780160069876535,0.04513222429684172,-2.621055302772549,-0.2506456353093668,-1.2445717595465713,-0.08851777602298208,0.02648439888126019,-0.1382975066454485,0.018317512704282446,0.055506733957330474,0.04628584828256359,-0.1977467383874626,0.24075488598819939,0.014513606586204177,0.0345446237014843,0.01755100927370036,-0.007105875293463817,-0.020813580568402483,0.05160423978625154,0.04074404594817676,0.005429013655303931,0.0038921816038680686,-0.013064806966102748,-9.678271811726922e-05,-2.516153135299682,-0.15099679917097086,-1.2567542057037273,-0.12423672664195168,-2.5481254231810078,-0.17360927320653008,-1.2524750419403596,-0.10234419065303768,13686736,0
3.75,0.019379657802175262,0.015658362989539907,-0.019922423892193505,0.08616321491319237,0.007026248316927068,0.01037795535679665,-2.620028503239096,-0.2500850970405455,-1.2456557067338772,-0.08419708973904891,0.026878051918270297,-0.13780988103802755,0.09448927429335738,-0.008692018038928266,-0.017461256249797528,0.2523932769988276,0.09597302006593526,0.20388802672551498,0.020538752475637495,0.011212273069242466,-0.021681859264073344,0.08642534712903538,0.007874119557929877,0.009753823726354383,0.0050647177112207314,0.004534475251848514,-0.005528528930237241,-2.9336945466627774e-05,-2.5149031352996825,-0.1497467991709709,-1.2577542057037272,-0.12423672664195168,-2.5342827931018577,-0.1654051621605108,-1.2378317818115336,-0.21039994155514405,13697149,0
3.8000000000000003,0.01889374505189584,0.020918629909222684,-0.009739642584601473,0.07443207398923671,0.043406299510884545,0.007587922260291129,-2.6189717545475806,-0.2492183200578496,-1.2462524888702642,-0.08046905007998365,0.02907214197764605,-0.1376060532703712,-0.06071183966260962,-0.019150764785219748,-0.006235863330568614,0.18174048652019326,-0.11204943367924278,-0.1085478765519852,0.021132071781880417,0.01733315930672282,-0.011934003841714988,0.07455055522053584,0.04387577576664868,0.004075995600313135,0.005136656450969617,0.0046040767844786525,-0.010489740848474127,-2.6068923919175235e-05,-2.5136531352996823,-0.1484967991709709,-1.258754205703727,-0.12423672664195168,-2.5325468803515783,-0.16941542908019358,-1.2490145631191256,-0.19866880063118839,14972767,0
3.85,0.013188634324807314,0.02156328910515038,-0.015792199459365556,0.11191990229383844,0.02595894448942668,-0.007658004081855947,-2.618205086649786,-0.24829898506646425,-1.247140195892277,-0.07488732849767404,0.030337862951084062,-0.13808523215548943,-0.052250986199731765,0.019824365253744824,-0.029723365422375986,0.07666570294528566,-0.09329039071483404,-0.11512628002525917,0.015332641460917137,0.018385840656610163,-0.017753310827304126,0.11162921520833229,0.025313236580164253,-0.009583129882307372,0.004956121841967478,0.004971269996303909,-0.007603635896453601,1.0455375932261882e-06,-2.512403135299682,-0.1472467991709709,-1.259754205703727,-0.12423672664195168,-2.5255917696244894,-0.16881008827612126,-1.2439620062443615,-0.23615662893579012,15015500,0
3.9000000000000004,0.01622521059548108,0.021002456487699144,-0.01852242644982056,0.1312686117927794,0.036872982807555604,0.0003024784667815211,-2.6171864127706046,-0.2474812463692488,-1.2481854432890838,-0.06806881389664941,0.0324795287725595,-0.13786915832203273,0.02569855745535953,0.008878585487403478,-0.027831847932000282,0.165623427781434,0.07682669728351069,0.033250245680021114,0.01812901997405143,0.017367267378389478,-0.020424435795448365,0.13119693075379443,0.036808166274959926,-0.002207348634767609,0.004750999148662008,0.005636872882559974,-0.0063146342202850675,-2.183336314791084e-05,-2.5111531352996823,-0.1459967991709709,-1.2607542057037269,-0.12423672664195168,-2.5273783458951633,-0.16699925565867002,-1.2422317792539064,-0.2555053384347311,14580037,0
3.95,0.017756084887295364,0.019816615870091488,-0.018402515245623908,0.13369943408604634,0.04285307734141233,0.003668490332356761,-2.6164522384606945,-0.24685022812281543,-1.2489589662021698,-0.06285025648232244,0.03420812759921909,-0.13799790044513266,-0.00213849412835446,0.001846822428852547,-0.009873692228374135,0.011341002447631976,0.043547414943118826,-0.0018697140761276523,0.019474252352571032,0.016095779710836228,-0.020206651212945587,0.13373261841603637,0.04299888084893194,0.0009702607313362087,0.004649342304802941,0.006218118030530482,-0.0066064228040725705,-3.145829467060733e-05,-2.509903135299682,-0.14474679917097089,-1.2617542057037268,-0.12423672664195168,-2.5276592201869774,-0.16456341504106237,-1.2433516904581028,-0.257936160727998,13511071,0
4.0,0.01794056034177468,0.021024927688410126,-0.020076961812446982,0.14713964917258796,0.04488557962979167,-0.000577761228553406,-2.6158045242831194,-0.2462716220835075,-1.249717454521655,-0.05777551384584558,0.035614376191695725,-0.1380911347952316,-0.010895182036466325,-0.007404313801819073,0.009193187272037093,-0.06777480023462053,-0.0034477900133409825,-0.007891025735775199,0.0197385265412073,0.017277950634384084,-0.021882839787286043,0.14702675222307,0.04477732432510585,-0.003170652731707187,0.0045577682101731,0.006639566278732721,-0.005886115093567412,-2.198956830687614e-05,-2.5086531352996824,-0.14349679917097088,-1.2627542057037267,-0.12423672664195168,-2.526593695641457,-0.16452172685938102,-1.2426772438912796,-0.27137637581453966,13256841,0
4.05,0.02338527658107127,0.020232843134899394,-0.01765441154479017,0.1426228241843146,0.043745097611144486,0.01284720155232149,-2.614194692170069,-0.245405791273885,-1.2507159930833098,-0.04997763253165554,0.03819801860296152,-0.1370390830347904,0.051916857811932116,0.016344345151366638,-0.008142654116603964,0.1558201077630334,-0.015777833501542115,0.08723710397053093,0.025083938045265503,0.016049356143582157,-0.019522591236954434,0.14302967031036376,0.044332281982804395,0.010653565163921803,0.004431408623432211,0.007288704596597222,-0.007158901657618247,-5.6694758359179635e-05,-2.507403135299682,-0.14224679917097088,-1.2637542057037265,-0.12423672664195168,-2.5307884118807533,-0.16247964230587028,-1.2460997941589365,-0.2668595508262663,14474872,0
4.1000000000000005,0.02871251097517562,0.023217808955799644,-0.015262252163911754,0.12996060644075874,0.050651865960049905,0.01695747357112466,-2.612269642414712,-0.24419840895024586,-1.2517494203926305,-0.04218714880571772,0.041930918016032874,-0.13633488085423173,0.11517048518608523,0.040097076514134265,0.03394084905500052,-0.05781511163856783,0.1062315546786145,0.15270368704044546,0.03081244823980722,0.018537676138652672,-0.01741720061232711,0.13058180650147738,0.05132197395290888,0.014819187367822608,0.004224491709756578,0.00754574232970969,-0.00819166704410115,-6.942928883141574e-05,-2.5061531352996824,-0.14099679917097088,-1.2647542057037264,-0.12423672664195168,-2.534865646274858,-0.16421460812677052,-1.2494919535398146,-0.2541973330827104,14512684,0
4.15,0.029572726473601086,0.01709749646769138,-0.012920946734494513,0.102248224461272,0.05116008349024277,0.01619761170921053,-2.611117870302938,-0.24375182775711404,-1.2523198626798866,-0.038343396858350934,0.043655082587476836,-0.1358644821867099,0.02306335318216687,-0.017219173260832193,-0.0057645704290126745,-0.0267803385852196,-0.03388236079218503,-0.013236406290553834,0.030932680653850127,0.012515215496597206,-0.014844529285277108,0.10286959250775314,0.05174339918916633,0.01423810051975804,0.004109057937168339,0.008341221978126662,-0.009854409898945343,-6.797897009688016e-05,-2.5049031352996822,-0.13974679917097088,-1.2657542057037263,-0.12423672664195168,-2.5344758617732834,-0.15684429563866226,-1.2528332589692317,-0.2264849511032237,13708137,0
4.2,0.021833403098902197,0.01199177398260478,-0.014186314479535118,0.0809896526123371,0.012477875084842476,0.00043513417152372865,-2.609984703310931,-0.2433438586025759,-1.25314989642989,-0.03419717928381022,0.044298529743332545,-0.1358273769180896,0.0006542277503127687,-0.03564037844813106,0.024947792484633764,-0.17118600165108785,0.028929907131764916,0.05678256180450612,0.02252820021823697,0.008527722687859248,-0.015540585359866436,0.08099001852703198,0.012485457149760626,8.262901736328048e-06,0.003990108299663168,0.009020138111529958,-0.0097113456553926,-2.936284315937868e-05,-2.5036531352996825,-0.13849679917097088,-1.2667542057037262,-0.12423672664195168,-2.5254865383985847,-0.15048857315357567,-1.252567891224191,-0.20522637925428877,14851121,0
4.25,0.034616913027765164,0.008682370745811355,-0.013333737677070199,0.0628885017059743,0.0184049881273294,0.026434714315657838,-2.607899120279054,-0.24312474676946752,-1.2540587360618984,-0.03035393433349729,0.04545026345587654,-0.13427419588509273,0.1850802321514674,0.027011827622664228,0.04293955235001748,-0.25682388959527186,0.1314838576886297,0.39672060243249846,0.03476555248050325,0.003652476941266925,-0.015149870055528113,0.06406483557515148,0.019198784327936782,0.025890696217342708,0.0038764624368384983,0.009662159608541191,-0.010046781969323319,-8.549084368484838e-05,-2.5024031352996823,-0.13724679917097088,-1.267754205703726,-0.12423672664195168,-2.5370200483274474,-0.14592916991678223,-1.254420468026656,-0.187125228347926,13483503,0
4.3,0.043914655179139526,0.010724651892011768,-0.0025165096849819853,-0.018285998776485422,0.02598292664602219,0.04539461415418624,-2.6061041715539552,-0.24292516184426086,-1.254384687147256,-0.030831538588121963,0.046291813999292664,-0.13324433254156234,-0.07708882479845676,-0.05981843191566541,-0.04667262162678687,0.14107341423377118,-0.3261815102457061,-0.06799075395223993,0.044762035373526285,0.004737315667735359,-0.004875033147125918,-0.016221201524009788,0.027369942221321716,0.04461987361922216,0.004149585465735474,0.009576255757114117,-0.015554500670749207,-0.00013177664178873634,-2.501153135299682,-0.13599679917097088,-1.268754205703726,-0.12423672664195168,-2.5450677904788215,-0.14672145106298265,-1.266237696018744,-0.10595072786546625,14377955,0
4.3500000000000005,0.03267627210039575,0.005148365042419609,-0.007251642087016034,-0.014532346748944986,-0.008698183723049811,0.013089588594691037,-2.6043922860442255,-0.2428267068334209,-1.254736562981083,-0.03243366566182182,0.04594048843878254,-0.13279996955727952,0.00967279411533145,-0.012704129373251652,-0.01214450913832764,-0.02267757754052638,-0.09195649499445722,0.0397952573394003,0.03266706504117402,0.000590253213137149,-0.008907592081330372,-0.013917930425867683,-0.008269140217287635,0.013378884749600554,0.003957356232262689,0.009841757902836711,-0.013849760998898172,-6.487816257376337e-05,-2.4999031352996823,-0.13474679917097088,-1.2697542057037259,-0.12423672664195168,-2.5325794074000783,-0.1398951642133905,-1.2625025636167098,-0.10970437989300669,14613089,0
4.4,0.03464051074186847,0.0002523020322006835,-0.008241834872205651,-0.03718903474837102,-0.022151449863450724,0.012957913984259946,-2.6026967347530574,-0.24309003736823886,-1.2552476111385746,-0.03424511035923378,0.04488360876128247,-0.13206922433048493,0.005055294214048293,-0.003911527776105088,-0.010179864240523471,-0.11622184092588528,-0.07958891132162468,-0.005514903400761193,0.03393355924841666,-0.004538115369748984,-0.009791606020398658,-0.036573323185964,-0.021694803857163672,0.013722567259945513,0.003933711956465146,0.010217480006874157,-0.013650204997515944,-6.806661938292462e-05,-2.498653135299682,-0.13349679917097088,-1.2707542057037258,-0.12423672664195168,-2.5332936460415505,-0.13374910120317157,-1.26251237083152,-0.08704769189358066,13644946,0
4.45,0.04184453085410509,0.004674956944567515,-0.001535434805602732,-0.1010305152870892,-0.026373970460607653,0.029482014037533588,-2.600598887694032,-0.24313302877315468,-1.255424575984627,-0.03922793662330419,0.04362427771487875,-0.1305437455783022,-0.03746902880367707,-0.004427674407061446,0.021284765454733973,-0.07828699085288433,-0.04303608749570843,0.013598250838859408,0.04197499492455254,-0.0008601980756304061,-0.0035408198528644862,-0.09969940670576312,-0.02519745853431281,0.030522703075468248,0.00423348323746424,0.0097804780007517,-0.01725861512603662,-0.00010785915790289704,-2.4974031352996824,-0.13224679917097087,-1.2717542057037257,-0.12423672664195168,-2.5392476661537873,-0.1369217561155384,-1.270218770898123,-0.023206211354862477,14845069,0
4.5,0.04731553765835161,-0.004907648300421699,-0.005507944463496571,-0.08787367991738747,-0.02590047979365917,0.030853733770781263,-2.59829914127837,-0.24369050527199038,-1.2557890479444083,-0.04355365527960128,0.04239770402503047,-0.12894476980679737,0.02672208033067989,-0.006295531908890661,0.0040867247854669,-0.15444396289204781,-0.006789477536482769,0.04826207900880343,0.04599694615412422,-0.011150019117109456,-0.007289758990198147,-0.08651816859308517,-0.024532550015857385,0.03198091840159945,0.004045954467902336,0.010409720347776463,-0.015481727351204446,-0.00012138793711068946,-2.496153135299682,-0.13099679917097087,-1.2727542057037255,-0.12423672664195168,-2.5434686729580336,-0.12608915087054917,-1.2672462612402289,-0.03636304672456421,13351567,0
4.55,0.037822573393544376,-3.630995463606011e-05,6.90446526463783e-05,-0.13407209586645455,-0.05066354133386285,0.0148074422610286,-2.597296960592134,-0.24380517289582654,-1.2557027446574291,-0.047934616340110425,0.040572042868052466,-0.1288228275011881,-0.0927474365669995,0.060978865787837615,0.08742596206476796,-0.5174254897392963,-0.19898985003865688,-0.1411914526735436,0.03747691064409606,-0.004888002104677077,-0.001463471108709445,-0.13337314120085042,-0.049895829695364546,0.017232222243154616,0.004413455101073008,0.00996062369313783,-0.019082818798026285,-8.979725417346444e-05,-2.4949031352996824,-0.12974679917097087,-1.2737542057037254,-0.12423672664195168,-2.532725708693227,-0.12971048921633482,-1.2738232503563718,0.009835369224502871,13036594,0
4.6000000000000005,0.0388629507736341,-0.0028138805596005334,-0.0009584994363724389,-0.12379676446848004,-0.06333450971706517,0.014909938152877611,-2.595629776189315,-0.2442350637485478,-1.255949194198963,-0.052173176321270526,0.03802363626785737,-0.12767004837343124,0.044817903883397445,-0.007420177534446545,0.002244657795166023,-0.11287761561728041,-0.052124609200907286,0.010934057921127378,0.03812408460508802,-0.0077774274930833545,-0.0022872215504960956,-0.12310468537829945,-0.06247078375550668,0.018205672941790547,0.004514859110502278,0.010067800309339044,-0.018973532739863352,-9.084982514264097e-05,-2.4936531352996822,-0.1284967991709709,-1.2747542057037253,-0.12423672664195168,-2.5325160860733162,-0.12568291861137038,-1.2737957062673528,-0.0004399621734716419,13386697,0
4.65,0.040993755047780744,-0.0053655903572277395,-0.002546124378557986,-0.1317122178706398,-0.06220165209131942,0.004159238612188255,-2.5923769648695427,-0.24499069146890384,-1.2561617181234261,-0.06346991601415951,0.03322317970625684,-0.12688813175523664,-0.0521172508639425,-0.03567930610006285,-0.04824549661969992,0.27823643575182627,-0.10185216748729137,-0.13435133361105456,0.03987115956389798,-0.010647492820318231,-0.0035611506316877294,-0.13144313910451091,-0.06181259731769711,0.00810061756567143,0.004611659520520241,0.009715698716246514,-0.018615195773020326,-7.188778741718476e-05,-2.492403135299682,-0.12724679917097087,-1.2757542057037252,-0.12423672664195168,-2.5333968903474626,-0.12188120881374313,-1.2732080813251672,0.007475491228688125,13240273,0
4.7,0.046756094453117535,-0.0038519251043048312,-0.005502137628766804,-0.12269879583156003,-0.06226889751426394,0.019751391660497344,-2.5902695057853236,-0.24532476013392096,-1.2563193309458904,-0.06883715003814903,0.031156969421902228,-0.12524450363236117,0.017084717040361755,0.025353916048022028,0.020227283496125403,-0.1319787594214111,0.16561361772731417,0.057400152826082906,0.04567857055463693,-0.010005672615163639,-0.006678167533622836,-0.12195117164738098,-0.06076286753382549,0.023999290430256816,0.00465662725355532,0.009241369048364223,-0.01750185315137297,-9.982078428600836e-05,-2.4911531352996823,-0.12599679917097087,-1.276754205703725,-0.12423672664195168,-2.5379092297528,-0.12214487406666603,-1.2712520680749584,-0.0015379308103916495,12385666,0
4.75,0.045316182737759614,-0.00012817211676460392,-0.0006379417168534772,-0.13043112820439606,-0.04676494778535972,0.02105950175442394,-2.587966420037128,-0.24569014574184106,-1.2564595288171125,-0.07581501333947291,0.028367270548902916,-0.12465936124513914,-0.01269460541630521,0.01616819685292854,0.011555131039482754,-0.06866267464057775,-0.006489324967971096,-0.03702227310037241,0.04490691479526817,-0.005804747174358752,-0.0019114731125336498,-0.12973477749383658,-0.04503551434818177,0.0245509736511369,0.004864392570194858,0.008962071763875161,-0.02032443725699736,-9.504299079057223e-05,-2.489903135299682,-0.12474679917097088,-1.277754205703725,-0.12423672664195168,-2.535219318037442,-0.12461862705420627,-1.2771162639868716,0.006194401562444385,12141114,0
4.800000000000001,0.0482420220731373,-0.0013942229305569317,-0.00348298589737526,-0.12543042231146212,-0.06328068579330086,0.004602080792520395,-2.5858408829331783,-0.24604705128180243,-1.256690606878567,-0.08088043013587083,0.025722808542948485,-0.12425744386195062,0.05719970094069901,-0.002483838484837341,-0.009027207336121855,-0.03418370387003741,-0.09851977312065983,-0.0018584106853010796,0.04756140429440606,-0.007624511029599367,-0.004598629703514228,-0.12518086561704508,-0.062702006155647,0.009702836940415313,0.004938129768280329,0.008777937552395955,-0.019346360152515656,-5.810292089029454e-05,-2.4886531352996824,-0.12349679917097088,-1.2787542057037249,-0.12423672664195168,-2.5368951573728196,-0.12210257624041394,-1.2752712198063496,0.0011936956695104417,9970756,0
4.8500000000000005,0.047998378572697266,0.0018067088342169587,-0.004094877530176014,-0.10253150516834247,-0.03944826007147896,0.01578890969207338,-2.5840493241509326,-0.24616668945187226,-1.2570248893161335,-0.08448464035993751,0.0242510315314433,-0.12356058188465627,0.004571325861001875,0.03614425233757842,-0.004303892828663571,-0.0216337732570305,0.14958841024199546,0.047550775767934705,0.04769587149238336,-0.00445760766490322,-0.005395381441065213,-0.1020691558152791,-0.03797522568641214,0.01906701059216762,0.004977650033383113,0.008379550064236591,-0.019296816873335874,-7.236950088398884e-05,-2.487403135299682,-0.12224679917097087,-1.2797542057037248,-0.12423672664195168,-2.5354015138723796,-0.12405350800518783,-1.2756593281735487,-0.021705221473609204,11686600,0
